orig_index,language,true_label,pred_label,true_score,pred_score,confidence,low_confidence
5,English,high,medium,4.0,3.0,0.717600898888831,False
9,English,high,high,4.0,4.003039513677812,0.5969927813562605,False
11,English,high,high,4.0,4.006451612903226,0.6801525592221438,False
12,English,high,high,5.0,5.0,0.732228398473428,False
14,English,high,high,4.0,4.0,0.5861963948841113,False
22,English,high,medium,4.0,3.1794273487138907,0.6500154197477539,False
24,English,high,high,5.0,4.0,0.5669391986234168,False
25,English,high,high,4.0,4.0,0.6747163370165714,False
27,English,high,high,5.0,4.006451612903226,0.6625944396874375,False
29,English,high,high,4.0,4.0,0.6043823869908997,False
35,English,high,medium,4.0,3.0,0.7709720692119155,False
36,English,high,high,5.0,4.068965517241379,0.6646021149205251,False
41,English,high,high,4.0,4.003039513677812,0.6728698314559581,False
49,English,high,high,5.0,4.053020394044516,0.6654177456992459,False
54,English,high,high,5.0,4.068965517241379,0.6854056857632113,False
56,English,high,high,4.0,4.0,0.6558630690496272,False
57,English,high,high,4.0,4.0,0.6504961683892937,False
59,English,high,medium,4.0,3.0,0.6820846259318424,False
60,English,high,medium,4.0,3.0,0.5936360920858288,False
61,English,high,high,4.0,3.9166666666666665,0.5484740867019021,False
71,English,high,high,4.0,3.0,0.595101280850434,False
72,English,high,high,4.0,4.0,0.6113674623205477,False
73,English,high,medium,4.0,3.0,0.7098526730681254,False
83,English,high,high,5.0,4.006451612903226,0.6739574042050286,False
89,English,high,high,5.0,4.0,0.5199046710176609,False
91,English,high,high,4.0,4.0,0.6468921778246732,False
101,English,high,high,4.0,4.006451612903226,0.6424144811354264,False
105,English,high,high,4.0,4.006451612903226,0.6736854622346791,False
106,English,high,medium,4.0,3.0,0.7354616000076349,False
108,English,high,high,5.0,4.970588235294118,0.6854056857632113,False
115,English,high,high,5.0,4.0,0.643685462234679,False
132,English,high,high,4.0,4.068965517241379,0.6477078086033942,False
139,English,high,high,4.0,4.0,0.6229287646667937,False
141,English,high,high,5.0,4.006451612903226,0.6945627373165248,False
149,English,high,high,4.0,4.0,0.6720145662386026,False
150,English,high,high,4.0,3.9166666666666665,0.7149309714062285,False
152,English,high,medium,4.0,3.0,0.7011431381224679,False
161,English,high,medium,4.0,3.0,0.6235311905366463,False
162,English,high,high,4.0,4.068965517241379,0.6862474366049621,False
174,English,high,medium,4.0,3.0,0.7160755014696286,False
177,English,high,medium,4.0,3.0,0.5337892798738513,False
181,English,high,high,5.0,4.003039513677812,0.6654177456992459,False
188,English,high,high,4.0,4.0,0.6386593051401687,False
189,English,high,high,4.0,4.006451612903226,0.6654177456992459,False
192,English,high,high,4.0,4.003039513677812,0.6443447291585966,False
193,English,high,medium,4.0,3.0,0.6992336250560799,False
197,English,high,high,4.0,4.068965517241379,0.6802800306535781,False
202,English,high,high,4.0,4.003039513677812,0.6844129460912264,False
216,English,high,high,5.0,4.068965517241379,0.6646021149205251,False
223,English,high,medium,4.0,3.0,0.7673218402935345,False
224,English,high,high,4.0,4.006451612903226,0.6165858918471532,False
225,English,high,medium,4.0,3.0,0.7593776143876334,False
227,English,high,high,4.0,3.96,0.6410812405973078,False
228,English,high,high,4.0,3.8333333333333335,0.7310481063747643,False
229,English,high,high,4.0,4.006451612903226,0.478673577817507,True
232,English,high,high,4.0,4.003039513677812,0.6720152924658763,False
234,English,high,high,4.0,4.006451612903226,0.6739574042050286,False
236,English,high,high,5.0,4.003039513677812,0.6307643039361489,False
237,English,high,high,4.0,3.0,0.5191333624311307,False
251,English,high,medium,5.0,3.0,0.727627302714782,False
256,English,high,medium,4.0,3.0,0.7078195302183727,False
274,English,high,medium,4.0,3.0,0.6457272212456898,False
280,English,high,medium,4.0,3.0,0.7373459373627044,False
289,English,high,high,5.0,4.006451612903226,0.6844129460912264,False
297,English,high,high,5.0,4.006451612903226,0.6562474671091768,False
300,English,high,high,4.0,3.9166666666666665,0.7251033202095916,False
303,English,high,high,4.0,3.9166666666666665,0.6365380167069944,False
306,English,high,medium,4.0,3.0,0.5157360977889965,False
314,English,high,high,4.0,4.0,0.6342111489124815,False
323,English,high,high,4.0,3.8333333333333335,0.5634386735054674,False
326,English,high,high,4.0,4.068965517241379,0.6562474671091768,False
341,English,high,medium,4.0,3.0,0.5549304890956923,False
344,English,high,high,4.0,4.003039513677812,0.65805369982771,False
345,English,high,high,4.0,4.0,0.6118835972359088,False
359,English,high,high,4.0,4.006451612903226,0.6530972269405614,False
364,English,high,high,4.0,4.006451612903226,0.6736854622346791,False
369,English,high,high,4.0,4.006451612903226,0.6771379692277782,False
370,English,high,medium,4.0,3.0,0.4384764012649713,True
375,English,high,high,4.0,4.0,0.6408976344753257,False
378,English,high,medium,4.0,3.0,0.6813391810746329,False
383,English,high,high,5.0,4.970588235294118,0.7354017092861643,False
386,English,high,high,4.0,4.0,0.604915174399399,False
387,English,high,high,5.0,3.95,0.5890543703163104,False
388,English,high,high,4.0,4.0,0.6410516496377763,False
391,English,high,high,5.0,4.068965517241379,0.6674824289793602,False
393,English,high,high,4.0,4.0,0.5240687305791399,False
399,English,high,high,4.0,4.0,0.6005063377545351,False
401,English,high,high,5.0,4.416666666666667,0.6811247598430603,False
406,English,high,medium,4.0,3.0,0.6907368499207399,False
417,English,high,high,5.0,4.006451612903226,0.6654177456992459,False
422,English,high,medium,4.0,3.0,0.7164478412164452,False
424,English,high,high,5.0,4.4,0.684220390822117,False
428,English,high,high,4.0,4.0,0.6351608720707447,False
433,English,high,high,5.0,4.970588235294118,0.7737132367186739,False
440,English,high,high,4.0,4.416666666666667,0.6664737132898318,False
446,English,high,high,4.0,4.0,0.6068769633782756,False
450,English,high,medium,4.0,3.0,0.6360921758539015,False
452,English,high,high,5.0,4.970588235294118,0.7185261502044304,False
459,English,high,high,4.0,4.006451612903226,0.6035644712464004,False
464,English,high,high,5.0,4.006451612903226,0.6802830090013094,False
469,English,high,high,5.0,4.068965517241379,0.6913741953026722,False
472,English,high,high,5.0,4.003039513677812,0.5245519268266554,False
476,English,high,high,4.0,4.003039513677812,0.6477078086033942,False
481,English,high,high,4.0,4.006451612903226,0.5938100373390817,False
485,English,high,high,5.0,4.068965517241379,0.6862474366049621,False
494,English,high,high,5.0,4.068965517241379,0.701523188223902,False
505,English,high,high,5.0,4.0,0.5616833266461081,False
510,English,high,high,4.0,4.0,0.584016959362335,False
514,English,high,high,5.0,4.006451612903226,0.6771379692277782,False
518,English,high,high,4.0,4.0,0.6630552549802244,False
522,English,high,high,4.0,4.003039513677812,0.6401445602916389,False
529,English,high,high,4.0,4.0,0.5898005333360441,False
532,English,high,high,4.0,4.003039513677812,0.6480145944246722,False
536,English,high,high,5.0,5.0,0.7349220011670308,False
544,English,high,high,5.0,4.003039513677812,0.664760372139053,False
547,English,high,high,4.0,4.0,0.7440723996474057,False
551,English,high,high,5.0,4.006451612903226,0.6771379692277782,False
558,English,high,high,4.0,3.0,0.5766405587454732,False
564,English,high,high,4.0,3.95,0.5740484219698027,False
575,English,high,high,4.0,4.003039513677812,0.7214513726040284,False
579,English,high,medium,4.0,3.0,0.6406650304182251,False
584,English,high,high,4.0,4.003039513677812,0.655372453558837,False
593,English,high,medium,4.0,3.0,0.5839852944152176,False
602,English,high,high,4.0,3.0,0.5295283299543261,False
610,English,high,high,4.0,4.068965517241379,0.6654177456992459,False
616,English,high,high,4.0,4.068965517241379,0.6566804435336524,False
618,English,high,high,5.0,3.0,0.6028710772183069,False
624,English,high,high,4.0,4.068965517241379,0.649926864896031,False
629,English,high,high,4.0,4.068965517241379,0.6854056857632113,False
633,English,high,high,4.0,4.0,0.6454402104377038,False
638,English,high,medium,4.0,3.0,0.6622742826604051,False
639,English,high,high,5.0,4.068965517241379,0.6854056857632113,False
648,English,high,high,4.0,4.416666666666667,0.7296846459296754,False
651,English,high,high,4.0,4.0,0.6326372946655958,False
654,English,high,high,5.0,4.416666666666667,0.658781458507141,False
657,English,high,medium,4.0,3.0,0.7177837188563336,False
663,English,high,medium,4.0,3.0,0.7417145925498094,False
668,English,high,medium,4.0,3.0,0.7517986666747668,False
675,English,high,medium,4.0,3.0,0.5080698904434241,False
679,English,high,medium,4.0,3.0,0.689385123662724,False
683,English,high,medium,4.0,3.0,0.6240415013933927,False
684,English,high,high,4.0,4.003039513677812,0.6379711765203933,False
689,English,high,medium,4.0,3.0,0.6818304568696338,False
695,English,high,high,5.0,4.003039513677812,0.6654177456992459,False
700,English,high,high,4.0,4.068965517241379,0.6811247598430603,False
703,English,high,high,4.0,3.9166666666666665,0.5269424599331096,False
715,English,high,high,4.0,3.0,0.6020653092320888,False
727,English,high,high,4.0,3.8333333333333335,0.4981489601246366,True
730,English,high,medium,4.0,3.0,0.6563143741969515,False
735,English,high,medium,4.0,3.0,0.7169641142559813,False
736,English,high,medium,4.0,3.0,0.7413502694412092,False
745,English,high,high,5.0,4.006451612903226,0.6854056857632113,False
749,English,high,high,4.0,4.003039513677812,0.7085428516588177,False
753,English,high,high,4.0,3.8333333333333335,0.5761646954608874,False
760,English,high,high,4.0,4.003039513677812,0.6477078086033942,False
765,English,high,high,4.0,3.0,0.6149975320089097,False
770,English,high,high,4.0,3.0,0.5411794317451698,False
776,English,high,high,4.0,4.0,0.6230518792520463,False
780,English,high,high,4.0,4.003039513677812,0.6455724312675813,False
784,English,high,high,4.0,3.8333333333333335,0.5994962935325439,False
788,English,high,high,4.0,4.0,0.6681835878083119,False
789,English,high,high,4.0,4.0,0.6660345713385052,False
795,English,high,medium,5.0,3.0,0.5364977681652745,False
800,English,medium,high,3.0,3.9166666666666665,0.6467420449602423,False
802,English,medium,medium,3.0,3.0,0.7223674674725598,False
809,English,medium,medium,3.0,3.0,0.7585547358966523,False
812,English,medium,medium,3.0,3.0,0.7524215659103763,False
818,English,medium,high,3.0,3.0,0.5611354273704385,False
822,English,medium,medium,3.0,3.0,0.7173699567896562,False
827,English,medium,high,3.0,3.0,0.5867010674296587,False
838,English,medium,medium,3.0,3.0,0.6620232257467772,False
841,English,medium,medium,3.0,2.0,0.723092664433694,False
846,English,medium,medium,3.0,3.0,0.7657117137959599,False
853,English,medium,high,3.0,3.9166666666666665,0.5425668844139854,False
855,English,medium,high,3.0,4.0,0.6418672804164972,False
859,English,medium,high,3.0,4.0,0.6681835878083119,False
866,English,medium,medium,3.0,3.0,0.6756812300516742,False
871,English,medium,high,3.0,3.0,0.6020653092320888,False
877,English,medium,medium,3.0,2.533333333333333,0.7880047226727014,False
881,English,medium,medium,3.0,3.0,0.6884135595090286,False
888,English,medium,high,3.0,4.0,0.6386080321232409,False
890,English,medium,medium,3.0,3.0,0.5321558736249026,False
894,English,medium,high,3.0,4.0,0.6400358598005076,False
905,English,medium,high,3.0,3.8333333333333335,0.7158463423572664,False
919,English,medium,medium,3.0,2.533333333333333,0.453455680479345,True
921,English,medium,medium,3.0,3.0,0.48505035551311104,True
922,English,medium,medium,3.0,3.0,0.6302570459665701,False
927,English,medium,high,3.0,3.9166666666666665,0.533641756329569,False
935,English,medium,high,3.0,4.0,0.6423529652916535,False
937,English,medium,medium,3.0,3.0,0.7795779710085834,False
941,English,medium,medium,3.0,3.0,0.7354616000076349,False
946,English,medium,high,3.0,4.0,0.6519651350198508,False
951,English,medium,medium,3.0,3.0,0.529076221390473,False
957,English,medium,medium,3.0,3.0,0.6596394973496609,False
961,English,medium,medium,3.0,3.0,0.7042432768278075,False
963,English,medium,medium,3.0,3.0,0.5092378074692279,False
968,English,medium,high,3.0,4.0,0.6209576392481434,False
973,English,medium,high,3.0,4.003039513677812,0.7068945481552175,False
978,English,medium,medium,3.0,2.533333333333333,0.44435532225644003,True
982,English,medium,high,3.0,3.0,0.626636256388388,False
987,English,medium,high,3.0,3.96,0.6439856984312209,False
991,English,medium,high,3.0,3.0,0.5895183726994393,False
1000,English,medium,medium,3.0,3.0,0.6333480692268232,False
1006,English,medium,medium,3.0,3.0,0.7654125029887597,False
1013,English,medium,high,3.0,4.0,0.667367957029591,False
1019,English,medium,high,3.0,4.0,0.6696750721157025,False
1025,English,medium,high,3.0,3.0,0.5992480039623082,False
1030,English,medium,high,3.0,3.0,0.6164277335599225,False
1034,English,medium,medium,3.0,3.0,0.7267365756003923,False
1038,English,medium,high,3.0,3.0,0.5024849111704208,False
1041,English,medium,medium,3.0,3.0,0.6229966613607496,False
1047,English,medium,medium,3.0,3.0,0.6160016722518747,False
1055,English,medium,medium,3.0,3.0,0.6772554932472343,False
1066,English,medium,high,3.0,3.0,0.5381853927583625,False
1070,English,medium,high,3.0,4.0,0.6822251207404617,False
1076,English,medium,medium,3.0,3.0,0.719439537521146,False
1089,English,medium,high,3.0,4.0,0.636286687125581,False
1090,English,medium,medium,3.0,3.0,0.6406359506788428,False
1093,English,medium,high,3.0,3.96,0.6622135041384736,False
1096,English,medium,medium,3.0,3.0,0.7471403041889184,False
1104,English,medium,high,3.0,3.0,0.5397807089422895,False
1109,English,medium,medium,3.0,3.0,0.7629602530713051,False
1113,English,medium,medium,3.0,3.0,0.5942835520654276,False
1120,English,medium,high,3.0,4.0,0.6655569729672097,False
1125,English,medium,medium,3.0,3.0,0.7113034449772943,False
1128,English,medium,high,3.0,3.8333333333333335,0.6823011975977836,False
1132,English,medium,medium,3.0,3.0,0.7020647232948859,False
1135,English,medium,medium,3.0,3.0,0.7051762213145103,False
1140,English,medium,medium,3.0,3.0,0.7420914716487477,False
1144,English,medium,high,3.0,4.0,0.6496295939438816,False
1155,English,medium,medium,3.0,3.0,0.632630948282036,False
1158,English,medium,high,3.0,4.0,0.6228921855435028,False
1163,English,medium,medium,3.0,3.0,0.6981236864018701,False
1168,English,medium,high,3.0,3.0,0.5758240939072878,False
1174,English,medium,high,3.0,3.8333333333333335,0.6313716189407382,False
1177,English,medium,medium,3.0,3.0,0.6922107543272092,False
1183,English,medium,high,3.0,3.0,0.5277029941872804,False
1188,English,medium,medium,3.0,3.0,0.6603503740397297,False
1192,English,medium,high,3.0,4.0,0.6644519820560941,False
1193,English,medium,medium,3.0,3.0,0.5234051165438511,False
1207,English,medium,high,3.0,3.0,0.5488507839040937,False
1210,English,medium,medium,3.0,3.0,0.7257080458174738,False
1216,English,medium,medium,3.0,3.0,0.7640366407272431,False
1220,English,medium,medium,3.0,3.0,0.7574437678398975,False
1224,English,medium,medium,3.0,3.0086380042569005,0.7116867323310471,False
1231,English,medium,medium,3.0,3.0,0.7658705195040155,False
1235,English,medium,medium,3.0,3.0,0.6995368916013064,False
1236,English,medium,medium,3.0,3.0,0.7221637749588152,False
1241,English,medium,high,3.0,4.0,0.7011655823488101,False
1244,English,medium,medium,3.0,3.0,0.6780360460688895,False
1254,English,medium,medium,3.0,3.0,0.7736014840135763,False
1257,English,medium,high,3.0,4.006451612903226,0.664408493537789,False
1258,English,medium,high,3.0,4.0,0.6539457876030406,False
1262,English,medium,high,3.0,4.0,0.610644126638827,False
1267,English,medium,medium,3.0,3.0,0.6636065583741544,False
1271,English,medium,high,3.0,4.0,0.6860225114024705,False
1278,English,medium,medium,3.0,3.0,0.5534466743213136,False
1285,English,medium,high,3.0,4.0,0.6736854622346791,False
1286,English,medium,medium,3.0,3.0,0.7137772097386675,False
1291,English,medium,medium,3.0,3.0,0.7129805538952725,False
1296,English,medium,high,3.0,4.0,0.6739574042050286,False
1301,English,medium,high,3.0,3.9166666666666665,0.7032850379658009,False
1307,English,medium,high,3.0,3.8333333333333335,0.444293503719317,True
1310,English,medium,high,3.0,3.9166666666666665,0.643685462234679,False
1312,English,medium,medium,3.0,3.0,0.6719924763937444,False
1319,English,medium,medium,3.0,3.0,0.5864771618637932,False
1323,English,medium,medium,3.0,3.0,0.5613354224658512,False
1333,English,medium,medium,3.0,3.0,0.6817116567393396,False
1338,English,medium,high,3.0,3.9166666666666665,0.6477078086033942,False
1342,English,medium,medium,3.0,3.0,0.6381484536978576,False
1347,English,medium,high,3.0,4.006451612903226,0.6543053553700245,False
1353,English,medium,high,3.0,4.0,0.6293283543832358,False
1356,English,medium,medium,3.0,3.0,0.7372955066480699,False
1359,English,medium,high,3.0,3.8333333333333335,0.7000383984918612,False
1365,English,medium,medium,3.0,3.0,0.7268639595408077,False
1371,English,medium,high,3.0,4.0,0.754895303891881,False
1376,English,medium,medium,3.0,3.0,0.7658158374326927,False
1380,English,medium,medium,3.0,3.0,0.7729127959094729,False
1381,English,medium,medium,3.0,3.0,0.7239032699141059,False
1384,English,medium,medium,3.0,3.0,0.7388706594447998,False
1394,English,medium,medium,3.0,3.0,0.7124481042371814,False
1407,English,medium,medium,3.0,3.0,0.7372955066480699,False
1409,English,medium,high,3.0,4.0,0.6652189405597844,False
1417,English,medium,medium,3.0,3.0,0.7452295703967471,False
1425,English,medium,medium,3.0,3.0,0.49634293623409864,True
1429,English,medium,medium,3.0,3.0,0.7702262852206174,False
1433,English,medium,medium,3.0,3.0,0.7470092704703557,False
1435,English,medium,high,3.0,4.0,0.6279271857914124,False
1439,English,medium,high,3.0,4.0,0.626038266321114,False
1441,English,medium,high,3.0,3.0,0.5401999085080753,False
1450,English,medium,high,3.0,3.0,0.6284870322766707,False
1451,English,medium,high,3.0,4.0,0.6371555457416724,False
1459,English,medium,high,3.0,3.0,0.5194907243488323,False
1466,English,medium,high,3.0,3.0,0.5674030634103092,False
1468,English,medium,medium,3.0,3.0,0.7160755014696286,False
1471,English,medium,high,3.0,3.0,0.5867010674296587,False
1476,English,medium,high,3.0,3.0,0.6032639713880138,False
1481,English,medium,high,3.0,4.003039513677812,0.673711582297709,False
1486,English,medium,medium,3.0,3.0,0.7852930392784855,False
1496,English,medium,medium,3.0,3.0,0.6898294303041898,False
1505,English,medium,medium,3.0,3.0,0.6341476665656935,False
1511,English,medium,high,3.0,4.0,0.6808231027099707,False
1514,English,medium,medium,3.0,3.0,0.7014018777472849,False
1520,English,medium,medium,3.0,3.0,0.7852930392784855,False
1524,English,medium,high,3.0,3.95,0.5991907547986881,False
1529,English,medium,high,3.0,3.8333333333333335,0.5770053719814794,False
1535,English,medium,high,3.0,3.9166666666666665,0.6379711765203933,False
1540,English,medium,medium,3.0,3.0,0.6723728452008161,False
1543,English,medium,high,3.0,4.0,0.6351608720707447,False
1546,English,medium,high,3.0,3.9166666666666665,0.6477078086033942,False
1551,English,medium,high,3.0,4.0,0.5904401605682158,False
1557,English,medium,high,3.0,4.0,0.6362358505071887,False
1562,English,medium,high,3.0,3.0,0.5908403290136681,False
1567,English,medium,medium,3.0,3.0,0.5912390552922393,False
1572,English,medium,medium,3.0,3.0,0.6913777033622128,False
1576,English,medium,medium,3.0,3.0,0.770480158163063,False
1581,English,medium,medium,3.0,3.0,0.7808248380517231,False
1588,English,medium,medium,3.0,3.0,0.4711616622812317,True
1593,English,medium,low,3.0,2.0,0.7722689406901638,False
1597,English,medium,low,3.0,2.0,0.617578038829951,False
1601,English,low,low,2.0,2.0,0.8407321818023601,False
1602,English,low,low,2.0,2.0,0.8428644026602445,False
1603,English,low,low,2.0,2.0,0.8407321818023601,False
1611,English,low,low,2.0,2.0,0.8407321818023601,False
1616,English,low,low,2.0,2.0,0.8434685411957574,False
1626,English,low,low,2.0,2.0,0.9061000074299725,False
1634,English,low,low,2.0,2.0,0.8407321818023601,False
1637,English,low,low,2.0,2.0,0.8428644026602445,False
1642,English,low,low,2.0,2.0,0.8764440320479648,False
1647,English,low,low,2.0,1.9545454545454546,0.8407321818023601,False
1651,English,low,low,2.0,1.9545454545454546,0.8407321818023601,False
1657,English,low,low,2.0,1.5,0.8428644026602445,False
1662,English,low,low,2.0,2.0,0.8407321818023601,False
1668,English,low,low,2.0,2.0,0.8407321818023601,False
1672,English,low,low,2.0,2.0,0.8464710074739695,False
1675,English,low,low,2.0,2.0,0.8815075790811987,False
1679,English,low,low,2.0,2.0,0.8428644026602445,False
1683,English,low,low,2.0,2.0,0.8407321818023601,False
1690,English,low,low,2.0,2.0,0.9061000074299725,False
1693,English,low,low,2.0,2.0,0.8428644026602445,False
1699,English,low,low,2.0,2.0,0.8407321818023601,False
1702,English,low,low,2.0,2.0,0.8464710074739695,False
1707,English,low,low,2.0,2.0,0.8407321818023601,False
1713,English,low,low,2.0,2.0,0.8412773292207202,False
1717,English,low,low,2.0,2.0,0.9061000074299725,False
1722,English,low,low,2.0,2.0,0.9785320193295537,False
1726,English,low,low,2.0,2.0,0.8428644026602445,False
1731,English,low,low,2.0,2.0,0.8428644026602445,False
1734,English,low,low,2.0,2.0,0.8407321818023601,False
1736,English,low,low,2.0,2.0,0.9059897545963024,False
1747,English,low,low,2.0,2.0,0.8428644026602445,False
1753,English,low,low,2.0,2.0,0.9107143388380315,False
1755,English,low,low,2.0,1.0,0.9061000074299725,False
1760,English,low,low,2.0,2.0,0.8407321818023601,False
1766,English,low,low,2.0,2.0,0.9061000074299725,False
1776,English,low,low,2.0,2.0,0.8407321818023601,False
1780,English,low,low,2.0,2.0,0.9061000074299725,False
1784,English,low,low,2.0,2.0,0.8407321818023601,False
1789,English,low,low,2.0,2.0,0.9061000074299725,False
1794,English,low,low,2.0,1.5,0.8407321818023601,False
1800,English,low,low,2.0,2.0,0.9061000074299725,False
1802,English,low,low,2.0,1.8666666666666667,0.8386463200705725,False
1805,English,low,low,2.0,2.0,0.8407321818023601,False
1813,English,low,low,2.0,2.0,0.9594387143199807,False
1819,English,low,low,2.0,1.08,0.8407321818023601,False
1825,English,low,low,2.0,2.0,0.8428644026602445,False
1827,English,low,low,2.0,2.0,0.8428644026602445,False
1831,English,low,low,2.0,2.0,0.9061000074299725,False
1836,English,low,low,2.0,2.0,0.8428644026602445,False
1840,English,low,low,2.0,2.0,0.8407321818023601,False
1846,English,low,low,2.0,2.0,0.8428644026602445,False
1849,English,low,low,2.0,2.0,0.8407321818023601,False
1854,English,low,low,2.0,2.0,0.8464710074739695,False
1859,English,low,low,2.0,1.9545454545454546,0.8428644026602445,False
1865,English,low,low,2.0,2.0,0.8428644026602445,False
1868,English,low,low,2.0,2.0,0.8407321818023601,False
1875,English,low,low,2.0,2.0,0.8658627211372387,False
1882,English,low,low,2.0,2.0,0.8407321818023601,False
1885,English,low,low,2.0,2.0,0.8407321818023601,False
1893,English,low,low,2.0,2.0,0.8407321818023601,False
1900,English,low,low,2.0,2.0,0.8428644026602445,False
1904,English,low,low,2.0,1.8666666666666667,0.9058666534868779,False
1911,English,low,low,2.0,2.0,0.8434685411957574,False
1913,English,low,low,2.0,1.8666666666666667,0.9060737269018915,False
1915,English,low,low,2.0,2.0,0.8428644026602445,False
1926,English,low,low,2.0,1.9375,0.8505935088006626,False
1935,English,low,low,2.0,2.0,0.8407321818023601,False
1941,English,low,low,2.0,2.0,0.8407321818023601,False
1946,English,low,low,2.0,2.0,0.8434685411957574,False
1950,English,low,low,2.0,2.0,0.8407321818023601,False
1954,English,low,low,2.0,2.0,0.8660966965884157,False
1961,English,low,low,2.0,2.0,0.8815075790811987,False
1963,English,low,low,2.0,2.0,0.8407321818023601,False
1969,English,low,low,2.0,2.0,0.9061000074299725,False
1973,English,low,low,2.0,2.0,0.8407321818023601,False
1981,English,low,low,2.0,2.0,0.8658627211372387,False
1984,English,low,low,2.0,2.0,0.8407321818023601,False
1989,English,low,low,2.0,2.0,0.8428644026602445,False
1994,English,low,low,2.0,2.0,0.8407321818023601,False
1998,English,low,medium,2.0,2.0,0.4725694858027758,True
2002,English,low,medium,2.0,3.0,0.5269316601308588,False
2005,English,low,medium,2.0,3.0,0.5234051165438511,False
2010,English,low,medium,2.0,3.0,0.719439537521146,False
2012,English,low,medium,2.0,3.0,0.6594960595845653,False
2023,English,low,medium,2.0,3.0,0.6742588546573671,False
2028,English,low,medium,2.0,3.0,0.6653055767504052,False
2037,English,low,low,1.0,2.1,0.4776004900966381,True
2041,English,low,medium,2.0,2.533333333333333,0.6736233789249323,False
2045,English,low,medium,2.0,2.533333333333333,0.6288731405265783,False
2050,English,low,medium,2.0,2.2857142857142856,0.5255908316527557,False
2054,English,low,high,2.0,3.0,0.6032639713880138,False
2062,English,low,medium,2.0,2.2222222222222223,0.5271038749011654,False
2065,English,low,medium,2.0,3.0,0.6863615002483003,False
2069,English,low,medium,2.0,3.0,0.6834545219252385,False
2075,English,low,medium,2.0,3.0,0.5873260743506216,False
2079,English,low,medium,2.0,2.0,0.45159141787585677,True
2084,English,low,high,2.0,4.0,0.6654177456992459,False
2089,English,low,low,1.0,1.205970092476356,0.5691511955145371,False
2093,English,low,medium,2.0,2.1,0.4718149366490684,True
2095,English,low,medium,2.0,3.0,0.7689247133669295,False
2098,English,low,medium,1.0,3.0,0.5341513169310673,False
2104,English,low,medium,2.0,3.0,0.7218336891826161,False
2107,English,low,medium,1.0,3.0,0.5249022583598588,False
2111,English,low,medium,2.0,3.0,0.6520874517800925,False
2115,English,low,low,2.0,2.0,0.4847271021179874,True
2120,English,low,medium,1.0,2.0,0.4718149366490684,True
2128,English,low,medium,2.0,2.533333333333333,0.5816827435233383,False
2131,English,low,medium,2.0,3.0,0.7526877972033545,False
2139,English,low,medium,2.0,2.0,0.4718149366490684,True
2142,English,low,medium,2.0,2.0,0.4654428737814265,True
2147,English,low,low,2.0,2.0,0.508404677335642,False
2152,English,low,low,1.0,1.8666666666666667,0.7895537316700685,False
2156,English,low,low,1.0,1.0,0.7173736375487365,False
2163,English,low,low,2.0,1.9287979895856073,0.781684562754741,False
2170,English,low,low,1.0,1.0,0.783037910261415,False
2171,English,low,low,2.0,1.8666666666666667,0.8003792407345298,False
2173,English,low,low,2.0,1.8666666666666667,0.7941605388050832,False
2179,English,low,low,2.0,1.0,0.7974480073762946,False
2181,English,low,low,2.0,1.8666666666666667,0.7675421443527847,False
2184,English,low,low,1.0,1.0,0.7753534879598853,False
2187,English,low,low,2.0,1.5,0.7984690321396981,False
2189,English,low,low,2.0,1.08,0.7692140450065104,False
2195,English,low,low,2.0,1.08,0.7838167836126254,False
2197,English,low,low,2.0,1.08,0.7821728408689114,False
2201,English,high,medium,4.0,3.0,0.5216515210494156,False
2207,English,high,high,4.0,3.909259363892218,0.5968151467478233,False
2213,English,high,high,4.0,4.003039513677812,0.7478676390514117,False
2216,English,high,high,4.0,4.0,0.6618935512919125,False
2222,English,high,high,4.0,4.003039513677812,0.6816648535517216,False
2227,English,high,high,5.0,3.0,0.6020653092320888,False
2232,English,high,high,4.0,3.0,0.6260261502044304,False
2233,English,high,high,4.0,3.0,0.6032639713880138,False
2238,English,high,high,4.0,4.003039513677812,0.6737838217131722,False
2247,English,high,high,4.0,3.5,0.6379711765203933,False
2258,English,high,high,4.0,4.0,0.7355197570575484,False
2271,English,high,high,4.0,4.0,0.6918401618832396,False
2272,English,high,high,4.0,4.0,0.6918102930643065,False
2274,English,high,high,4.0,4.0,0.6764774244067749,False
2279,English,high,high,4.0,4.0,0.65047365071246,False
2289,English,high,high,4.0,4.003039513677812,0.6776810540647334,False
2297,English,high,high,4.0,3.0,0.6115920112794538,False
2308,English,high,high,4.0,4.0,0.6637129249620207,False
2312,English,high,high,4.0,4.0,0.673405147516304,False
2315,English,high,high,4.0,4.0,0.6453961545027649,False
2322,English,high,high,4.0,4.0,0.6926259238430273,False
2325,English,high,high,4.0,4.0,0.6522815961618404,False
2330,English,high,high,4.0,4.0,0.7370083054381413,False
2335,English,high,high,4.0,4.0,0.7659898107029008,False
2345,English,high,high,4.0,3.0,0.6020653092320888,False
2351,English,high,high,4.0,4.0,0.6743284079369682,False
2361,English,high,high,4.0,4.0,0.6423529652916535,False
2369,English,high,high,4.0,4.003039513677812,0.7340888290261471,False
2370,English,high,high,4.0,4.0,0.6764774244067749,False
2378,English,high,high,4.0,3.0,0.6203920719671998,False
2384,English,high,high,4.0,4.0,0.6630552549802244,False
2390,English,high,high,4.0,4.0,0.7129117140982457,False
2394,English,high,high,4.0,4.003039513677812,0.6764513043437449,False
2401,English,high,high,4.0,4.003039513677812,0.689745390537692,False
2405,English,high,high,4.0,4.0,0.7450969006733387,False
2410,English,high,high,4.0,4.0,0.6630503681579565,False
2419,English,high,high,4.0,4.0,0.6681835878083119,False
2423,English,high,high,4.0,4.0,0.6909685422225557,False
2427,English,high,high,4.0,3.8333333333333335,0.6056369193273727,False
2431,English,high,high,4.0,4.0,0.7725518024869596,False
2433,English,high,high,4.0,3.0,0.5923286771490879,False
2437,English,high,high,4.0,4.003039513677812,0.6772930551854958,False
2440,English,high,high,4.0,4.0,0.7725518024869596,False
2447,English,high,high,4.0,4.0,0.6468137950117818,False
2451,English,high,high,4.0,3.0,0.6198850352218521,False
2456,English,high,high,4.0,3.0,0.6169579410581599,False
2463,English,high,high,4.0,4.0,0.7040319469228276,False
2468,English,high,high,4.0,4.0,0.667367957029591,False
2471,English,high,high,4.0,4.0,0.6539457876030406,False
2481,English,high,high,4.0,4.003039513677812,0.7046290297989434,False
2487,English,high,high,4.0,4.0,0.6718336103828271,False
2490,English,high,high,4.0,4.003039513677812,0.8983497500000965,False
2496,English,high,high,4.0,4.0,0.6836836972214717,False
2501,English,high,high,4.0,4.003039513677812,0.7489701727742959,False
2505,English,high,high,4.0,3.0,0.5034523542359761,False
2510,English,high,high,4.0,4.0,0.6718336103828271,False
2517,English,high,high,4.0,4.068965517241379,0.6713830202180603,False
2520,English,high,high,4.0,4.0,0.6751440387156891,False
2529,English,high,high,4.0,3.0,0.631354250498083,False
2534,English,high,high,4.0,4.003039513677812,0.6379711765203933,False
2542,English,high,high,4.0,4.003039513677812,0.7392753204548269,False
2543,English,high,high,5.0,4.0,0.7237415303814598,False
2547,English,high,high,4.0,4.0,0.6764513043437449,False
2554,English,high,high,4.0,4.0,0.7495441597453945,False
2557,English,high,high,4.0,5.0,0.7827100658510797,False
2562,English,high,high,4.0,3.95,0.6395871231825876,False
2569,English,high,high,5.0,4.75,0.8288528319509283,False
2572,English,high,high,5.0,4.970588235294118,0.7119345264867522,False
2577,English,high,high,4.0,4.0,0.7725221868778575,False
2583,English,high,high,5.0,5.0,0.8288528319509283,False
2586,English,high,high,4.0,3.95,0.6467420449602423,False
2591,English,high,high,4.0,4.0,0.6382417123870493,False
2595,English,high,high,4.0,4.0,0.6769433579880999,False
2601,English,medium,high,3.0,3.0,0.5325467268416562,False
2605,English,medium,high,3.0,3.0,0.6067646593244052,False
2606,English,medium,high,3.0,4.0,0.6992406300555847,False
2612,English,medium,high,3.0,4.0,0.6785159876238591,False
2618,English,medium,high,3.0,3.0,0.6095639587438997,False
2619,English,medium,high,3.0,3.0,0.5740208391563153,False
2624,English,medium,high,3.0,3.9166666666666665,0.6280865897648701,False
2630,English,medium,high,3.0,3.0,0.5895113718793074,False
2635,English,medium,medium,3.0,3.0,0.6144679221523904,False
2641,English,medium,high,3.0,4.0,0.65047365071246,False
2645,English,medium,high,3.0,3.9166666666666665,0.6395871231825876,False
2650,English,medium,medium,3.0,3.0,0.6399605586548349,False
2656,English,medium,high,3.0,3.0,0.5895113718793074,False
2660,English,medium,high,3.0,3.0,0.6158109079206633,False
2667,English,medium,high,3.0,3.0,0.6205810143141587,False
2673,English,medium,high,3.0,3.0,0.5280602572429208,False
2678,English,medium,high,3.0,4.003039513677812,0.7097142995906733,False
2679,English,medium,high,3.0,4.0,0.6661816024531317,False
2682,English,medium,high,3.0,3.0,0.6164277335599225,False
2686,English,medium,high,3.0,4.0,0.6728698314559581,False
2690,English,medium,high,3.0,4.0,0.6881715278722772,False
2695,English,medium,high,3.0,4.003039513677812,0.6833409650192452,False
2704,English,medium,medium,3.0,3.0,0.5118680774805747,False
2706,English,medium,high,3.0,4.0,0.6651724539427227,False
2709,English,medium,high,3.0,4.003039513677812,0.7207205717346428,False
2714,English,medium,high,3.0,4.0,0.6710179796041063,False
2718,English,medium,high,3.0,4.0,0.673711582297709,False
2723,English,medium,medium,3.0,3.0,0.5561164324051602,False
2730,English,medium,high,3.0,4.0,0.7247956016254513,False
2735,English,medium,high,3.0,3.0,0.5938324365475842,False
2740,English,medium,high,3.0,4.0,0.6646021149205251,False
2746,English,medium,high,3.0,3.0,0.6048336895979924,False
2749,English,medium,high,3.0,3.0,0.5894795368860436,False
2758,English,medium,high,3.0,3.0,0.6187504001936699,False
2764,English,medium,medium,3.0,3.0,0.5419638920768733,False
2771,English,medium,high,3.0,4.0,0.598154149582114,False
2776,English,medium,medium,3.0,3.0,0.537090921324806,False
2778,English,medium,high,3.0,4.0,0.6394749359188896,False
2782,English,medium,medium,3.0,3.0,0.6718750104798048,False
2787,English,medium,high,3.0,4.006451612903226,0.6606610187237711,False
2791,English,medium,high,3.0,3.0,0.5525730247999676,False
2793,English,medium,high,3.0,4.0,0.6312376608309623,False
2797,English,medium,high,3.0,4.003039513677812,0.6654177456992459,False
2804,English,medium,high,3.0,4.0,0.6308764313604518,False
2809,English,medium,high,3.0,3.0,0.5408154765222772,False
2817,English,medium,high,3.0,3.0,0.5366675028993487,False
2824,English,medium,high,3.0,3.0,0.5261535260857596,False
2827,English,medium,high,3.0,3.0,0.5696016145638823,False
2833,English,medium,high,3.0,3.96,0.5843245679932704,False
2836,English,medium,high,3.0,4.0,0.5983552140933144,False
2839,English,medium,medium,3.0,3.0,0.6373025840585784,False
2845,English,medium,high,3.0,3.0,0.5124652682615115,False
2849,English,medium,medium,3.0,3.0,0.6000848009919068,False
2852,English,medium,high,3.0,4.0,0.6361418123317516,False
2856,English,medium,high,3.0,3.0,0.505420082793876,False
2862,English,medium,high,3.0,3.8333333333333335,0.5022069070650975,False
2866,English,medium,medium,3.0,3.0,0.5300268832563468,False
2875,English,medium,medium,3.0,3.0,0.5283689736677564,False
2878,English,medium,high,3.0,4.0,0.594208838094412,False
2883,English,medium,medium,3.0,3.0,0.7274723930200307,False
2885,English,medium,medium,3.0,3.0,0.720824234048669,False
2895,English,medium,medium,3.0,3.0,0.7538467289813904,False
2900,English,medium,medium,3.0,3.2476366780839543,0.5099160527331289,False
2904,English,medium,high,3.0,4.0,0.6316715521356958,False
2909,English,medium,medium,3.0,3.0,0.6315160041005348,False
2919,English,medium,medium,3.0,3.0,0.6854558427175469,False
2922,English,medium,medium,3.0,3.0,0.7424639483609619,False
2928,English,medium,medium,3.0,3.0,0.5880415720427322,False
2932,English,medium,medium,3.0,3.0,0.7489518524068227,False
2936,English,medium,medium,3.0,3.0,0.7351002366628502,False
2941,English,medium,medium,3.0,3.0,0.567942249507417,False
2944,English,medium,medium,3.0,3.0,0.7108091373790306,False
2951,English,medium,medium,3.0,3.0,0.6818277782044273,False
2954,English,medium,medium,3.0,3.0,0.7316333995877865,False
2957,English,medium,medium,3.0,3.0,0.7409625008921752,False
2961,English,medium,high,3.0,3.8982655063175238,0.6499755179176534,False
2966,English,medium,medium,3.0,3.0,0.7488378660432297,False
2970,English,medium,medium,3.0,3.0,0.7603320653555788,False
2976,English,medium,high,3.0,3.9166666666666665,0.6754651913286818,False
2981,English,medium,medium,3.0,3.0,0.7321385641889826,False
2992,English,medium,medium,3.0,3.0,0.750981368222074,False
2996,English,medium,medium,3.0,3.0,0.7490720309172992,False
2998,English,medium,medium,3.0,3.0,0.7490720309172992,False
3001,English,low,medium,2.0,3.0,0.6433048964509143,False
3006,English,low,medium,2.0,2.0,0.4713220478316219,True
3011,English,low,medium,2.0,2.0,0.4718149366490684,True
3022,English,low,low,1.0,2.0,0.6220666845209963,False
3025,English,low,low,1.0,1.08,0.6204146730855744,False
3026,English,low,low,2.0,1.8666666666666667,0.8176500786322872,False
3029,English,low,low,2.0,1.08,0.9183874735066396,False
3033,English,low,low,2.0,2.0,0.6948336407007436,False
3050,English,low,low,2.0,1.08,0.8407321818023601,False
3055,English,low,low,1.0,2.0,0.5701938339459766,False
3057,English,low,low,2.0,1.8666666666666667,0.9675460854660638,False
3065,English,low,low,2.0,1.8666666666666667,0.9439524665113052,False
3070,English,low,low,1.0,2.0,0.9061000074299725,False
3072,English,low,medium,2.0,2.1,0.5255868007777937,False
3079,English,low,low,1.0,2.0,0.5709550727201167,False
3085,English,low,low,1.0,1.8666666666666667,0.8764440320479648,False
3090,English,low,low,2.0,1.9375,0.6651110042554409,False
3092,English,low,low,2.0,1.9545454545454546,0.9061000074299725,False
3108,English,low,low,2.0,2.0,0.5064672703102855,False
3114,English,low,low,2.0,2.0,0.6604622289685074,False
3131,English,low,low,2.0,1.0,0.8105935088006625,False
3135,English,low,low,2.0,1.8666666666666667,0.7947275858618077,False
3136,English,low,low,1.0,1.08,0.8428644026602445,False
3137,English,low,medium,2.0,2.0,0.4727139708072071,True
3139,English,low,low,1.0,2.0,0.8658627211372387,False
3153,English,low,low,2.0,2.0,0.6150906806479519,False
3154,English,low,low,1.0,1.8666666666666667,0.7997772072551282,False
3162,English,low,low,2.0,1.0,0.7136568331965967,False
3165,English,low,low,2.0,1.0,0.8407321818023601,False
3167,English,low,low,2.0,1.0,0.8000318178564957,False
3169,English,low,low,1.0,2.0,0.9061000074299725,False
3172,English,low,medium,1.0,2.0,0.4660519926226618,True
3180,English,low,low,2.0,1.9545454545454546,0.793787629840626,False
3181,English,low,low,1.0,2.0,0.7666744659069116,False
3187,English,low,medium,1.0,1.9375,0.4718149366490684,True
3188,English,low,low,2.0,1.9375,0.9751219944565811,False
3190,English,low,low,1.0,2.0,0.9061000074299725,False
3201,English,low,low,2.0,2.0,0.46584863679972044,True
3208,English,low,low,1.0,1.0,0.7986463200705725,False
3209,English,low,low,2.0,1.9545454545454546,0.9880184331797235,False
3224,English,low,low,2.0,2.0,0.9594387143199807,False
3227,English,low,low,2.0,2.0,0.8407321818023601,False
3229,English,low,low,1.0,1.0,0.8428644026602445,False
3234,English,low,low,2.0,2.0,0.8870944132715296,False
3237,English,low,low,2.0,1.9375,0.699596834325177,False
3239,English,low,low,2.0,1.08,0.9880184331797235,False
3242,English,low,low,2.0,1.8666666666666667,0.8815075790811987,False
3246,English,low,medium,2.0,2.0,0.4573543619022633,True
3252,English,low,low,2.0,1.0,0.46584863679972044,True
3255,English,low,medium,2.0,2.533333333333333,0.5303070412006397,False
3261,English,low,low,2.0,1.0,0.9880184331797235,False
3262,English,low,low,1.0,2.0,0.8407321818023601,False
3263,English,low,low,2.0,2.0,0.8407321818023601,False
3265,English,low,low,1.0,2.0,0.8025699288638238,False
3266,English,low,low,2.0,2.0,0.49554627048764,True
3268,English,low,low,1.0,1.9375,0.9785320193295537,False
3274,English,low,low,1.0,1.9545454545454546,0.9061000074299725,False
3275,English,low,low,2.0,2.0,0.9126148652923028,False
3279,English,low,low,2.0,1.5,0.7677585742505773,False
3280,English,low,medium,1.0,1.8666666666666667,0.4509822990346214,True
3288,English,low,low,2.0,2.0,0.8428644026602445,False
3290,English,low,low,2.0,1.5,0.7978880110509772,False
3293,English,low,low,2.0,1.9545454545454546,0.6668493629634463,False
3297,English,low,low,2.0,1.8666666666666667,0.6925163700736509,False
3303,Sinhala,high,high,4.0,4.0,0.5014618637667618,False
3304,Sinhala,high,high,4.0,4.006451612903226,0.45144086583547016,True
3314,Sinhala,high,low,4.0,2.0,0.6979970962244488,False
3325,Sinhala,high,medium,4.0,3.0,0.7093780163847192,False
3327,Sinhala,high,high,5.0,4.9743589743589745,0.8972164652334342,False
3342,Sinhala,high,high,4.0,4.068965517241379,0.887672896768704,False
3350,Sinhala,high,high,5.0,4.970588235294118,0.879024704603306,False
3353,Sinhala,high,high,5.0,5.0,0.8972164652334342,False
3366,Sinhala,high,high,4.0,4.970588235294118,0.8972164652334342,False
3383,Sinhala,high,high,5.0,5.0,0.887672896768704,False
3395,Sinhala,high,high,5.0,5.0,0.8941258607595468,False
3404,Sinhala,medium,medium,3.0,3.0,0.863477681884801,False
3423,Sinhala,medium,medium,3.0,3.0,0.8979552580199777,False
3439,Sinhala,medium,medium,3.0,3.0,0.8459495837156847,False
3446,Sinhala,medium,medium,3.0,3.0,0.8436690392506655,False
3460,Sinhala,medium,medium,3.0,3.0,0.8492115325650577,False
3482,Sinhala,medium,medium,3.0,3.0,0.882524367719628,False
3497,Sinhala,low,low,1.0,1.08,0.9099163811996356,False
3507,Sinhala,low,low,1.0,1.8666666666666667,0.9269024139824742,False
3517,Sinhala,low,low,2.0,1.5,0.8910650345804696,False
3537,Sinhala,low,low,1.0,2.0,0.8169591864157582,False
3543,Sinhala,low,low,1.0,2.0,0.9221153846153847,False
3551,Sinhala,low,low,1.0,1.0,0.9388839808027507,False
3564,Sinhala,high,high,5.0,4.970588235294118,0.887672896768704,False
3571,Sinhala,high,high,5.0,5.0,0.8885682730680362,False
3583,Sinhala,high,high,4.0,4.0,0.630771224778164,False
3601,Sinhala,high,medium,4.0,3.0,0.6452283268705251,False
3607,Sinhala,high,high,4.0,3.9166666666666665,0.6347593063280896,False
3620,Sinhala,high,high,5.0,4.970588235294118,0.8325257742136728,False
3627,Sinhala,high,high,5.0,5.0,0.8890136666818375,False
3662,Sinhala,high,high,4.0,4.0,0.6054711857987972,False
3666,Sinhala,medium,medium,3.0,3.0,0.8643425495378096,False
3677,Sinhala,medium,medium,3.0,3.0,0.8979552580199777,False
3678,Sinhala,medium,medium,3.0,3.0,0.882524367719628,False
3705,Sinhala,medium,medium,3.0,3.0,0.8979552580199777,False
3712,Sinhala,medium,medium,3.0,3.0,0.8703559693418509,False
3728,Sinhala,medium,medium,3.0,3.0,0.882524367719628,False
3738,Sinhala,medium,medium,3.0,3.0,0.8814118699629688,False
3745,Sinhala,medium,medium,3.0,3.0,0.8979552580199777,False
3756,Sinhala,low,low,2.0,1.9375,0.9093978615644345,False
3758,Sinhala,low,low,1.0,1.0,0.9026774468776662,False
3765,Sinhala,low,low,1.0,1.9375,0.9300243658767675,False
3796,Sinhala,high,medium,4.0,3.0,0.7935529794870521,False
3805,Sinhala,high,high,4.0,5.0,0.8890136666818375,False
3812,Sinhala,high,high,4.0,4.75,0.887672896768704,False
3846,Sinhala,medium,medium,3.0,3.0,0.878407917393799,False
3856,Sinhala,medium,medium,3.0,3.0,0.7672869175675696,False
3864,Sinhala,medium,medium,3.0,3.0,0.8659809796626192,False
3875,Sinhala,medium,medium,3.0,3.0,0.5947959171897876,False
3889,Sinhala,medium,medium,3.0,3.0,0.8703559693418509,False
3900,Sinhala,medium,medium,3.0,3.0,0.8703559693418509,False
3916,Sinhala,medium,medium,3.0,3.0,0.6178899022915625,False
3923,Sinhala,medium,medium,3.0,3.0,0.7858946102985375,False
3931,Sinhala,low,low,1.0,1.0,0.8376644558397697,False
3956,Sinhala,low,low,2.0,1.9545454545454546,0.9191090269636577,False
3968,Sinhala,low,low,2.0,2.0,0.855481307862086,False
3972,Sinhala,low,low,2.0,1.9375,0.9082418115480998,False
3982,Sinhala,low,low,2.0,2.0,0.9071274601433812,False
4008,Sinhala,high,high,5.0,4.970588235294118,0.887672896768704,False
4016,Sinhala,high,high,4.0,4.2727272727272725,0.887672896768704,False
4035,Sinhala,high,high,5.0,4.5,0.887672896768704,False
4041,Sinhala,high,medium,4.0,3.0,0.7531099347365902,False
4057,Sinhala,medium,medium,3.0,3.0,0.8703559693418509,False
4066,Sinhala,medium,medium,3.0,3.0,0.8979453042527934,False
4078,Sinhala,medium,medium,3.0,3.0,0.8469342938277922,False
4091,Sinhala,medium,medium,3.0,3.0,0.8675629572234713,False
4108,Sinhala,low,low,2.0,1.9375,0.9388839808027507,False
4116,Sinhala,low,low,1.0,1.0,0.9300243658767675,False
4141,Sinhala,high,high,4.0,4.0,0.5358524932736364,False
4153,Sinhala,high,high,4.0,4.006451612903226,0.8890136666818375,False
4161,Sinhala,high,high,5.0,4.970588235294118,0.887672896768704,False
4179,Sinhala,high,high,5.0,4.75,0.887672896768704,False
4194,Sinhala,medium,medium,3.0,3.0,0.882524367719628,False
4205,Sinhala,medium,medium,3.0,3.0,0.7138904386044841,False
4216,Sinhala,medium,medium,3.0,3.0,0.8549250790415011,False
4221,Sinhala,medium,medium,3.0,3.0,0.8703559693418509,False
4231,Sinhala,medium,medium,3.0,3.0,0.6565017902491075,False
4263,Sinhala,low,low,2.0,1.5,0.9005514484306394,False
4275,Sinhala,high,high,5.0,4.2727272727272725,0.887672896768704,False
4282,Sinhala,high,high,4.0,3.9166666666666665,0.5702446718678027,False
4288,Sinhala,high,high,5.0,4.068965517241379,0.8972164652334342,False
4309,Sinhala,medium,medium,3.0,3.0,0.7691890719560338,False
4325,Sinhala,low,low,1.0,1.08,0.9191090269636577,False
4351,Sinhala,high,high,4.0,4.970588235294118,0.8691394564220601,False
4362,Sinhala,medium,medium,3.0,3.0,0.878407917393799,False
4372,Sinhala,medium,medium,3.0,3.0,0.878407917393799,False
4383,Sinhala,low,low,2.0,2.0,0.7771789600984361,False
4392,Sinhala,low,low,1.0,1.0,0.9340891857684323,False
4401,Tamil,high,high,4.0,4.006451612903226,0.6272900874210676,False
4407,Tamil,high,high,4.0,4.006451612903226,0.6391571731236747,False
4413,Tamil,high,high,4.0,4.0,0.49047584193827304,True
4419,Tamil,high,high,4.0,4.003039513677812,0.4918549550155792,True
4424,Tamil,medium,high,3.0,4.0,0.4623810587340252,True
4430,Tamil,high,high,4.0,4.006451612903226,0.8941258607595468,False
4449,Tamil,high,high,5.0,4.970588235294118,0.8949195334014636,False
4458,Tamil,high,high,4.0,4.003039513677812,0.8941258607595468,False
4490,Tamil,high,high,4.0,5.0,0.9044631018661938,False
4493,Tamil,high,high,4.0,4.9743589743589745,0.9044631018661938,False
4504,Tamil,high,medium,4.0,3.0,0.6774641731260985,False
4525,Tamil,medium,medium,3.0,3.0,0.882524367719628,False
4528,Tamil,medium,medium,3.0,3.0,0.8512019439194208,False
4539,Tamil,medium,medium,3.0,3.0,0.882524367719628,False
4553,Tamil,medium,medium,3.0,3.0,0.8611798978478167,False
4564,Tamil,medium,medium,3.0,3.0,0.766563333494073,False
4567,Tamil,medium,medium,3.0,3.0,0.8195692536689915,False
4584,Tamil,medium,medium,3.0,3.0,0.882524367719628,False
4607,Tamil,low,low,1.0,1.8666666666666667,0.8658627211372387,False
4612,Tamil,low,low,1.0,1.0,0.8658627211372387,False
4620,Tamil,low,low,2.0,1.5,0.8658627211372387,False
4627,Tamil,low,low,1.0,1.9545454545454546,0.8658627211372387,False
4641,Tamil,low,low,1.0,2.0,0.8406972524692813,False
4647,Tamil,low,low,1.0,1.9375,0.8118327232486175,False
4658,Tamil,high,high,5.0,4.9743589743589745,0.8949195334014636,False
4673,Tamil,high,high,5.0,5.0,0.9044631018661938,False
4695,Tamil,high,high,5.0,5.0,0.8949195334014636,False
4700,Tamil,high,high,4.0,4.970588235294118,0.8949195334014636,False
4712,Tamil,high,high,4.0,5.0,0.8949195334014636,False
4713,Tamil,high,high,4.0,4.3755603893883155,0.8949195334014636,False
4730,Tamil,high,high,5.0,4.75,0.8949195334014636,False
4731,Tamil,high,high,5.0,4.970588235294118,0.8949195334014636,False
4748,Tamil,high,high,5.0,4.970588235294118,0.8949195334014636,False
4761,Tamil,medium,medium,3.0,3.0,0.7444084869160937,False
4769,Tamil,medium,medium,3.0,3.0,0.6654460092300172,False
4773,Tamil,medium,medium,3.0,3.0,0.8659809796626192,False
4780,Tamil,medium,medium,3.0,3.0,0.882524367719628,False
4794,Tamil,medium,medium,3.0,3.0,0.8643425495378096,False
4809,Tamil,medium,medium,3.0,3.0,0.882524367719628,False
4818,Tamil,medium,medium,3.0,3.0,0.8629770270934491,False
4846,Tamil,low,low,1.0,1.0,0.8658627211372387,False
4866,Tamil,low,low,2.0,1.08,0.8428644026602445,False
4878,Tamil,low,low,2.0,1.0,0.8658627211372387,False
4892,Tamil,low,low,2.0,2.0,0.797031697756877,False
4910,Tamil,high,high,4.0,4.970588235294118,0.8941258607595468,False
4914,Tamil,high,high,4.0,4.068965517241379,0.8941258607595468,False
4925,Tamil,high,high,5.0,4.006451612903226,0.8941258607595468,False
4937,Tamil,high,high,5.0,4.970588235294118,0.8949195334014636,False
4947,Tamil,medium,medium,3.0,3.0,0.882524367719628,False
4960,Tamil,medium,medium,3.0,3.0,0.882524367719628,False
4968,Tamil,medium,medium,3.0,3.0,0.882524367719628,False
4980,Tamil,medium,medium,3.0,3.0,0.8173351222733413,False
4989,Tamil,medium,medium,3.0,3.0,0.8512019439194208,False
4995,Tamil,medium,medium,3.0,3.0,0.8629770270934491,False
5013,Tamil,medium,medium,3.0,3.0,0.8557042998207219,False
5030,Tamil,low,low,2.0,1.9545454545454546,0.8658627211372387,False
5035,Tamil,low,low,1.0,1.0,0.8658627211372387,False
5041,Tamil,low,low,1.0,1.5,0.8658627211372387,False
5043,Tamil,low,low,1.0,1.0,0.8458823443778559,False
5052,Tamil,low,low,2.0,2.0,0.7529070486320435,False
5073,Tamil,low,low,1.0,1.8666666666666667,0.8433854566173447,False
5076,Tamil,low,low,2.0,1.9375,0.8406972524692813,False
5097,Tamil,high,high,5.0,4.970588235294118,0.8949195334014636,False
5109,Tamil,high,high,4.0,4.75,0.8949195334014636,False
5126,Tamil,high,high,5.0,4.970588235294118,0.9044631018661938,False
5147,Tamil,medium,medium,3.0,3.0,0.882524367719628,False
5150,Tamil,medium,medium,3.0,3.0,0.882524367719628,False
5169,Tamil,medium,medium,3.0,3.0,0.7860126984731339,False
5175,Tamil,medium,medium,3.0,3.0,0.882524367719628,False
5187,Tamil,medium,medium,3.0,3.0,0.882524367719628,False
5201,Tamil,low,low,2.0,1.08,0.8464710074739695,False
5204,Tamil,low,low,2.0,2.0,0.7802415662792145,False
5229,Tamil,low,low,2.0,2.0,0.8658627211372387,False
5241,Tamil,high,high,4.0,4.068965517241379,0.8941258607595468,False
5254,Tamil,high,high,4.0,4.970588235294118,0.8949195334014636,False
5269,Tamil,high,high,5.0,4.2727272727272725,0.8949195334014636,False
5286,Tamil,high,high,4.0,4.416666666666667,0.8949195334014636,False
5294,Tamil,medium,medium,3.0,3.0,0.7473982210079304,False
5308,Tamil,medium,medium,3.0,3.0,0.8549250790415011,False
5326,Tamil,medium,medium,3.0,3.0,0.7935529794870521,False
5356,Tamil,low,low,1.0,1.9545454545454546,0.8658627211372387,False
5357,Tamil,low,low,1.0,1.0,0.8658627211372387,False
5365,Tamil,low,low,1.0,1.0,0.8658627211372387,False
5375,Tamil,high,high,5.0,4.75,0.9044631018661938,False
5376,Tamil,high,high,4.0,4.416666666666667,0.8949195334014636,False
5388,Tamil,high,high,4.0,5.0,0.8949195334014636,False
5393,Tamil,medium,medium,3.0,3.0,0.799105374829314,False
5411,Tamil,medium,medium,3.0,3.0,0.8425835150261174,False
5420,Tamil,medium,medium,3.0,3.0,0.7061195725525877,False
5438,Tamil,low,low,1.0,1.0,0.8464710074739695,False
5450,Tamil,high,high,5.0,4.970588235294118,0.8949195334014636,False
5467,Tamil,medium,medium,3.0,3.0,0.7978857572942802,False
5473,Tamil,medium,medium,3.0,3.0,0.8013031770271162,False
5483,Tamil,low,low,1.0,1.0,0.8658627211372387,False
5505,Sinhala,low,medium,2.0,3.0,0.594406524466495,False
5516,Sinhala,low,medium,2.0,3.0,0.6200075285270088,False
5527,Sinhala,low,medium,2.0,2.1,0.5401797634326155,False
5544,Sinhala,medium,medium,3.0,2.1,0.4922349111145391,True
5564,Sinhala,medium,medium,3.0,2.533333333333333,0.59172528644559,False
5583,Sinhala,medium,high,3.0,3.5,0.7617649647982309,False
5587,Sinhala,medium,high,3.0,3.95,0.6694004479555195,False
5601,Sinhala,high,high,4.0,4.0,0.6298310313471842,False
5610,Sinhala,high,high,4.0,3.95,0.7481313195456374,False
5622,Sinhala,low,low,2.0,1.8666666666666667,0.6710219733148832,False
5637,Sinhala,medium,medium,3.0,3.0,0.7085769240841584,False
5641,Sinhala,high,high,4.0,4.9743589743589745,0.887672896768704,False
5654,Tamil,low,medium,2.0,3.0,0.6278433238366588,False
5663,Tamil,low,medium,2.0,2.533333333333333,0.5723535134462155,False
5679,Tamil,low,low,2.0,2.0,0.7127837127642376,False
5685,Tamil,low,medium,2.0,2.0,0.5057570029161639,False
5701,Tamil,medium,medium,3.0,2.1,0.5057570029161639,False
5709,Tamil,medium,medium,3.0,3.0,0.5588355238966375,False
5739,Tamil,medium,medium,3.0,3.0,0.7354083566309877,False
5744,Tamil,high,medium,4.0,3.0,0.7701679597211748,False
5748,Tamil,high,medium,4.0,3.0,0.7527463439244271,False
5753,Tamil,high,medium,4.0,3.0,0.7674921334033928,False
5771,Tamil,low,low,2.0,1.9375,0.8464710074739695,False
5782,Tamil,medium,medium,3.0,3.0,0.7697531201644551,False
5794,Tamil,high,high,4.0,4.416666666666667,0.8949195334014636,False
5801,English,high,high,5.0,4.006451612903226,0.6771379692277782,False
5806,English,high,high,5.0,4.970588235294118,0.72026307518735,False
5812,English,high,high,4.0,4.0,0.7481648352409113,False
5819,English,high,high,4.0,3.9166666666666665,0.6248482035231181,False
5822,English,high,high,5.0,5.0,0.7735672223918879,False
5825,English,high,high,4.0,4.003039513677812,0.8288528319509283,False
5830,English,high,high,4.0,5.0,0.8288528319509283,False
5833,English,high,high,5.0,5.0,0.8288528319509283,False
5835,English,high,high,4.0,3.8333333333333335,0.6468921778246732,False
5841,English,high,high,4.0,4.006451612903226,0.6690040616783276,False
5846,English,high,high,4.0,3.5,0.6736854622346791,False
5851,English,high,high,5.0,4.9743589743589745,0.8078467003079186,False
5856,English,high,high,5.0,5.0,0.8288528319509283,False
5859,English,high,high,4.0,3.9166666666666665,0.626636256388388,False
5866,English,high,high,5.0,5.0,0.8003734291113744,False
5870,English,high,high,5.0,4.003039513677812,0.656864292748436,False
5874,English,high,high,5.0,4.068965517241379,0.6739574042050286,False
5879,English,high,high,4.0,4.006451612903226,0.6745742298442878,False
5881,English,high,high,4.0,4.416666666666667,0.7102584336689974,False
5882,English,high,high,4.0,4.0,0.656864292748436,False
5886,English,high,high,4.0,4.0,0.6351608720707447,False
5890,English,high,high,5.0,5.0,0.8369066736907183,False
5894,English,high,high,5.0,4.9743589743589745,0.7205927722774547,False
5901,English,high,high,5.0,5.0,0.7392908636064587,False
5910,English,high,high,4.0,4.970588235294118,0.7258125337898468,False
5911,English,high,high,4.0,4.0,0.6411056118762095,False
5916,English,high,high,5.0,4.970588235294118,0.7340802503252799,False
5921,English,high,high,4.0,4.75,0.6360752211048952,False
5926,English,high,high,5.0,4.006451612903226,0.6739574042050286,False
5932,English,high,high,5.0,4.0,0.6436970012875447,False
5936,English,high,high,4.0,4.003039513677812,0.6594280321319264,False
5940,English,high,high,5.0,4.970588235294118,0.7898839810499312,False
5946,English,high,high,5.0,5.0,0.8252856512299909,False
5947,English,high,high,4.0,4.003039513677812,0.6496914000489256,False
5955,English,high,high,5.0,4.970588235294118,0.7384491127647078,False
5961,English,high,high,5.0,4.003039513677812,0.6654177456992459,False
5965,English,high,high,4.0,5.0,0.761911890649836,False
5969,English,high,high,5.0,5.0,0.7332736976634304,False
5974,English,high,high,5.0,4.0,0.6477078086033942,False
5978,English,high,high,4.0,4.068965517241379,0.6945627373165248,False
5989,English,high,high,5.0,4.416666666666667,0.7212919923134964,False
5992,English,high,high,4.0,4.2727272727272725,0.6862474366049621,False
5997,English,high,high,5.0,4.003039513677812,0.652899373766128,False
6002,English,high,high,4.0,4.003039513677812,0.6477078086033942,False
6005,English,high,high,4.0,5.0,0.7881529306202156,False
6010,English,high,high,5.0,5.0,0.7994672096790412,False
6013,English,high,high,5.0,4.416666666666667,0.7202278385417252,False
6017,English,high,high,4.0,4.2727272727272725,0.7009786020001061,False
6023,English,high,high,5.0,5.0,0.8288528319509283,False
6027,English,high,high,4.0,4.75,0.723848847647386,False
6033,English,high,high,5.0,4.416666666666667,0.7006814373821512,False
6037,English,high,high,4.0,4.4,0.6913741953026722,False
6042,English,high,high,4.0,4.970588235294118,0.7642740722513852,False
6047,English,high,high,4.0,4.970588235294118,0.7199847266854406,False
6052,English,high,high,5.0,4.970588235294118,0.6919910209419314,False
6056,English,high,high,5.0,4.068965517241379,0.6881715278722772,False
6062,English,high,high,5.0,4.970588235294118,0.7169401708246259,False
6066,English,high,high,4.0,4.003039513677812,0.6739574042050286,False
6072,English,high,high,4.0,4.970588235294118,0.777365073744741,False
6077,English,high,high,5.0,5.0,0.8288528319509283,False
6083,English,high,high,4.0,4.006451612903226,0.6504069389222799,False
6086,English,high,high,4.0,4.416666666666667,0.7577524020679971,False
6091,English,high,high,4.0,4.0,0.6351608720707447,False
6096,English,high,high,5.0,4.068965517241379,0.6777547948670375,False
6101,English,high,high,5.0,4.416666666666667,0.7193679010461813,False
6106,English,high,high,5.0,5.0,0.8288528319509283,False
6110,English,high,high,5.0,4.068965517241379,0.7569106512262462,False
6111,English,high,high,4.0,4.0,0.6477078086033942,False
6115,English,high,high,4.0,5.0,0.8288528319509283,False
6120,English,high,high,5.0,4.068965517241379,0.7221337431552473,False
6124,English,high,high,4.0,4.003039513677812,0.6562474671091768,False
6127,English,high,high,5.0,4.970588235294118,0.7574666118127789,False
6140,English,high,high,5.0,4.003039513677812,0.6771379692277782,False
6143,English,high,high,5.0,4.003039513677812,0.6562474671091768,False
6149,English,high,high,4.0,4.068965517241379,0.6739574042050286,False
6153,English,high,high,5.0,5.0,0.7773708273384373,False
6162,English,high,high,4.0,4.006451612903226,0.6860225114024705,False
6167,English,high,high,4.0,4.006451612903226,0.6522251207404617,False
6174,English,high,high,5.0,4.003039513677812,0.6822647279254883,False
6179,English,high,high,5.0,4.006451612903226,0.6577491101690266,False
6181,English,high,high,5.0,4.006451612903226,0.6862474366049621,False
6186,English,high,high,5.0,4.006451612903226,0.655627812280766,False
6191,English,high,high,5.0,4.416666666666667,0.7263708862166799,False
6195,English,high,high,4.0,4.006451612903226,0.6862474366049621,False
6201,English,medium,medium,3.0,3.0,0.712738514883889,False
6204,English,medium,medium,3.0,3.0,0.6613042966368484,False
6206,English,medium,high,3.0,3.95,0.6589753411932417,False
6211,English,medium,medium,3.0,3.0,0.7358340767198491,False
6213,English,medium,medium,3.0,3.0,0.4776941106992639,True
6217,English,medium,medium,3.0,3.0,0.7327527247046379,False
6222,English,medium,high,3.0,3.8486987763190132,0.7040816364749135,False
6232,English,medium,medium,3.0,3.0,0.7148308122479607,False
6238,English,medium,medium,3.0,3.0,0.7388706594447998,False
6241,English,medium,medium,3.0,3.0,0.7432947663325902,False
6242,English,medium,medium,3.0,3.0,0.7682097254073053,False
6251,English,medium,medium,3.0,3.0,0.6719985554298719,False
6256,English,medium,medium,3.0,3.0,0.7430936537501097,False
6262,English,medium,high,3.0,3.95,0.7367792336085337,False
6266,English,medium,medium,3.0,3.0,0.7472627132464997,False
6272,English,medium,medium,3.0,3.0,0.7842198825696249,False
6275,English,medium,medium,3.0,3.0,0.6612351654191267,False
6276,English,medium,medium,3.0,3.0,0.6653390216628962,False
6283,English,medium,medium,3.0,3.0,0.643876683008376,False
6288,English,medium,medium,3.0,3.0,0.7449178446340897,False
6293,English,medium,medium,3.0,3.0,0.7546037433003596,False
6297,English,medium,medium,3.0,3.0,0.4660519926226618,True
6305,English,medium,medium,3.0,3.0,0.7880047226727014,False
6309,English,medium,medium,3.0,3.0,0.5196792715550641,False
6311,English,medium,medium,3.0,3.0,0.7856704761343252,False
6319,English,medium,medium,3.0,3.0,0.7938780949223647,False
6328,English,medium,medium,3.0,3.0,0.6845892144682225,False
6334,English,medium,medium,3.0,3.0,0.6715128310223842,False
6339,English,medium,medium,3.0,3.0,0.7550303965474361,False
6344,English,medium,medium,3.0,3.0,0.6719034590955737,False
6345,English,medium,medium,3.0,3.0,0.5881604627022841,False
6350,English,medium,medium,3.0,3.0,0.7186234952868793,False
6351,English,medium,medium,3.0,3.0,0.6834156785723049,False
6358,English,medium,high,3.0,4.0,0.5410296196890217,False
6366,English,medium,medium,3.0,3.0,0.6985855557457352,False
6372,English,medium,medium,3.0,3.0,0.4850780015182174,True
6376,English,medium,medium,3.0,3.0,0.6892423088378805,False
6381,English,medium,medium,3.0,3.0,0.4714965696580071,True
6386,English,medium,medium,3.0,3.0,0.6013791604898484,False
6388,English,medium,medium,3.0,3.0,0.5462793000469143,False
6393,English,medium,low,3.0,3.0,0.5014118396416609,False
6398,English,medium,low,3.0,2.0,0.47835503925034556,True
6404,English,medium,medium,3.0,3.0,0.48747450135914494,True
6411,English,medium,medium,3.0,3.0,0.5967694284267664,False
6413,English,medium,medium,3.0,3.0,0.6985407240120323,False
6419,English,medium,medium,3.0,2.0,0.7013719388713098,False
6427,English,medium,medium,3.0,3.0,0.7014744277539976,False
6437,English,medium,medium,3.0,3.0,0.6828278390334465,False
6444,English,medium,medium,3.0,3.0,0.6508710549894164,False
6448,English,medium,medium,3.0,3.0,0.7017708258456449,False
6452,English,medium,medium,3.0,3.0,0.6776413306081708,False
6453,English,medium,medium,3.0,3.0,0.6731400763782347,False
6461,English,medium,medium,3.0,3.0,0.6627747453025907,False
6464,English,medium,medium,3.0,2.533333333333333,0.4801405068765307,True
6468,English,medium,medium,3.0,3.0,0.6705703979112132,False
6469,English,medium,high,3.0,3.858276777208472,0.7295419737515205,False
6476,English,medium,medium,3.0,3.0,0.48574277888151346,True
6485,English,medium,low,3.0,2.1,0.46198353251993973,True
6487,English,medium,medium,3.0,3.0,0.6130464686661331,False
6491,English,medium,medium,3.0,3.0,0.6689492339949695,False
6498,English,medium,medium,3.0,3.0,0.671749570332245,False
6503,English,medium,medium,3.0,3.0,0.4940375207416688,True
6509,English,medium,medium,3.0,3.0,0.5338005068535929,False
6513,English,medium,medium,3.0,3.0,0.6426431331308068,False
6518,English,medium,medium,3.0,2.0,0.4726336760595534,True
6525,English,medium,medium,3.0,3.0,0.6821992427588579,False
6535,English,medium,medium,3.0,3.0,0.7004807108721612,False
6536,English,medium,medium,3.0,3.0,0.6763699130340862,False
6546,English,medium,medium,3.0,3.0,0.6738317112267724,False
6551,English,medium,low,3.0,2.0,0.4723661299798344,True
6554,English,medium,medium,3.0,2.533333333333333,0.49877032178881126,True
6561,English,medium,medium,3.0,3.0,0.5912148473860166,False
6562,English,medium,medium,3.0,3.0,0.7015966925333704,False
6566,English,medium,medium,3.0,2.533333333333333,0.43025391756381237,True
6569,English,medium,medium,3.0,3.0,0.7230721902433572,False
6574,English,medium,medium,3.0,2.0,0.48591888339789346,True
6577,English,medium,medium,3.0,3.0,0.6828278390334465,False
6581,English,medium,medium,3.0,3.0,0.6666785839750374,False
6586,English,medium,medium,3.0,3.0,0.7009600860881935,False
6594,English,medium,medium,3.0,3.0,0.7721051434598618,False
6601,English,low,low,2.0,1.8666666666666667,0.8464710074739695,False
6602,English,low,low,2.0,1.5,0.7835246048379388,False
6604,English,low,low,1.0,2.0,0.8434685411957574,False
6608,English,low,low,1.0,2.0,0.9061000074299725,False
6613,English,low,low,2.0,1.0,0.8407321818023601,False
6614,English,low,low,2.0,1.5,0.9880184331797235,False
6616,English,low,low,1.0,1.9375,0.9880184331797235,False
6627,English,low,low,2.0,1.9375,0.6292345973441765,False
6633,English,low,medium,2.0,2.0,0.4718149366490684,True
6637,English,low,low,2.0,1.9545454545454546,0.6390892275810889,False
6640,English,low,low,1.0,2.0,0.9880184331797235,False
6642,English,low,low,2.0,1.5,0.8870944132715296,False
6643,English,low,low,2.0,2.0,0.6240662097073753,False
6649,English,low,low,2.0,1.9375,0.9880184331797235,False
6662,English,low,low,2.0,1.9375,0.9061000074299725,False
6669,English,low,low,2.0,2.0,0.797405709453772,False
6677,English,low,low,2.0,1.9545454545454546,0.8407321818023601,False
6683,English,low,low,2.0,2.0,0.8434685411957574,False
6689,English,low,low,2.0,2.0,0.47919103768530624,True
6690,English,low,low,2.0,1.9375,0.9880184331797235,False
6695,English,low,low,2.0,2.0,0.6289295327628021,False
6701,English,low,low,2.0,1.0,0.8658627211372387,False
6706,English,low,low,2.0,1.0,0.7755519566480537,False
6713,English,low,low,2.0,2.0,0.5071856173214229,False
6716,English,low,low,1.0,2.0,0.8428644026602445,False
6721,English,low,low,2.0,2.0,0.6465291299579539,False
6724,English,low,low,1.0,2.0,0.9061000074299725,False
6733,English,low,low,2.0,2.0,0.6905249816551302,False
6757,English,low,low,2.0,2.0,0.9061000074299725,False
6760,English,low,low,1.0,1.9545454545454546,0.9061000074299725,False
6762,English,low,low,2.0,2.0,0.9671807717911222,False
6766,English,low,low,2.0,1.0430023167773843,0.8428644026602445,False
6778,English,low,low,2.0,1.5,0.8007321818023598,False
6789,English,low,low,2.0,2.0,0.8407321818023601,False
6792,English,low,low,1.0,2.0,0.9061000074299725,False
6797,English,low,medium,2.0,2.1,0.4718149366490684,True
6809,English,low,low,2.0,1.08,0.7177948307123667,False
6811,English,low,low,2.0,2.0,0.9061000074299725,False
6815,English,low,low,2.0,1.9375,0.9061000074299725,False
6819,English,low,low,2.0,2.0,0.798306116418857,False
6821,English,low,low,2.0,1.0,0.7775114349946821,False
6828,English,low,low,1.0,1.9375,0.8464710074739695,False
6834,English,low,low,2.0,1.8666666666666667,0.8434685411957574,False
6835,English,low,low,2.0,1.5,0.8028644026602443,False
6836,English,low,medium,1.0,3.0,0.5301925049216709,False
6850,English,low,medium,2.0,2.0,0.4718149366490684,True
6863,English,low,low,2.0,2.0,0.5715376524041728,False
6864,English,low,low,1.0,2.0,0.8105935088006625,False
6865,English,low,low,2.0,1.9375,0.9880184331797235,False
6869,English,low,medium,2.0,2.0,0.4718149366490684,True
6870,English,low,low,2.0,1.5,0.9594387143199807,False
6877,English,low,low,2.0,1.8666666666666667,0.5825451044251382,False
6879,English,low,low,2.0,2.0,0.8428644026602445,False
6880,English,low,low,1.0,2.0,0.9061000074299725,False
6883,English,low,low,2.0,1.0,0.7980774644936572,False
6893,English,low,low,2.0,2.0,0.5787457811708319,False
6894,English,low,medium,2.0,3.0,0.455786687391987,True
6895,English,low,low,2.0,2.0,0.8407321818023601,False
6900,English,low,low,1.0,2.0,0.9061000074299725,False
6901,English,low,low,2.0,1.0,0.7838167836126254,False
6903,English,low,low,2.0,2.0,0.5104537152815395,False
6905,English,low,low,2.0,1.9545454545454546,0.9142813400325682,False
6906,English,low,low,2.0,2.0,0.9439524665113052,False
6929,English,low,low,2.0,2.0,0.6207530495205047,False
6939,English,low,low,2.0,1.8666666666666667,0.8407321818023601,False
6940,English,low,medium,1.0,1.8666666666666667,0.4718149366490684,True
6942,English,low,low,2.0,1.0,0.6274300885202457,False
6944,English,low,low,1.0,2.0,0.6328209948380967,False
6946,English,low,medium,2.0,3.0,0.5213539123125612,False
6957,English,low,low,2.0,2.0,0.6873991640499261,False
6958,English,low,low,2.0,2.0,0.8407321818023601,False
6968,English,low,low,1.0,1.9375,0.9142813400325682,False
6971,English,low,low,2.0,1.8666666666666667,0.9061000074299725,False
6978,English,low,low,2.0,1.0,0.7779635058942186,False
6992,English,low,low,1.0,2.0,0.9675460854660638,False
6997,English,low,low,2.0,2.0,0.5341002859093591,False
7012,English,low,low,1.0,2.0,0.8428644026602445,False
7023,English,low,low,2.0,2.0,0.8428644026602445,False
7027,English,low,low,2.0,1.9545454545454546,0.8658627211372387,False
7029,English,low,low,2.0,2.0,0.9727222528989508,False
7034,English,low,low,2.0,2.0,0.9880184331797235,False
7037,English,low,low,2.0,1.0,0.46660318595342787,True
7039,English,low,low,2.0,2.0,0.8407321818023601,False
7040,English,low,low,1.0,1.9545454545454546,0.9061000074299725,False
7049,English,low,low,2.0,2.0,0.8434685411957574,False
7050,English,low,low,2.0,1.5,0.7973531338443776,False
7053,English,low,low,2.0,2.0,0.7779204913955489,False
7055,English,low,low,2.0,1.8666666666666667,0.8407321818023601,False
7067,English,low,medium,2.0,2.0,0.4509822990346214,True
7068,English,low,low,1.0,2.0,0.4723661299798344,True
7070,English,low,low,2.0,2.0,0.8412773292207202,False
7074,English,low,low,2.0,2.0,0.8434685411957574,False
7077,English,low,low,2.0,1.8666666666666667,0.7936071658497355,False
7080,English,low,low,1.0,1.8666666666666667,0.5439240897406924,False
7081,English,low,low,2.0,1.8666666666666667,0.9061000074299725,False
7084,English,low,low,1.0,2.0,0.7676795902315755,False
7090,English,low,low,2.0,2.0,0.6138755238870719,False
7091,English,low,low,2.0,2.0,0.7451811763542567,False
7095,English,low,low,2.0,1.9525907859048162,0.8658627211372387,False
7096,English,low,low,1.0,1.9389754607338545,0.9880184331797235,False
7099,English,low,low,2.0,1.0,0.9061000074299725,False
