experiment,level,metric,mean,p2_5,p97_5,n_rows,n_high,repeats,baseline_mean,delta_from_baseline,injury_col
baseline,test,balanced_accuracy,0.8851047076899321,0.8851047076899321,0.8851047076899321,740.0,211.0,1,,,
baseline,test,macro_f1,0.8824573092864648,0.8824573092864648,0.8824573092864648,740.0,211.0,1,,,
baseline,test,high_recall,0.9052132701421801,0.9052132701421801,0.9052132701421801,740.0,211.0,1,,,
baseline,test,high_to_low,5.0,5.0,5.0,740.0,211.0,1,,,
missing_vitals,p=0.1,high_recall,0.88957345971564,0.8742890995260664,0.8957345971563981,740.0,211.0,20,,,
missing_vitals,p=0.1,high_to_low,6.85,5.475,9.0,740.0,211.0,20,,,
missing_vitals,p=0.1,balanced_accuracy,0.8607591569268822,0.8488453824927512,0.8702923146199827,740.0,211.0,20,,,
missing_vitals,p=0.2,high_recall,0.8744075829383886,0.8528436018957346,0.8959715639810426,740.0,211.0,20,,,
missing_vitals,p=0.2,high_to_low,8.45,7.0,10.524999999999999,740.0,211.0,20,,,
missing_vitals,p=0.2,balanced_accuracy,0.8337827604723167,0.8171487765499714,0.8480268571960783,740.0,211.0,20,,,
missing_vitals,p=0.3,high_recall,0.8611374407582938,0.8386255924170616,0.8914691943127961,740.0,211.0,20,,,
missing_vitals,p=0.3,high_to_low,10.55,8.0,14.0,740.0,211.0,20,,,
missing_vitals,p=0.3,balanced_accuracy,0.8083373073620315,0.7907149106922403,0.8275382213476628,740.0,211.0,20,,,
missing_vitals,p=0.5,high_recall,0.8355450236966824,0.8079383886255924,0.8650473933649289,740.0,211.0,20,,,
missing_vitals,p=0.5,high_to_low,16.1,11.0,20.0,740.0,211.0,20,,,
missing_vitals,p=0.5,balanced_accuracy,0.7596732797599669,0.7362872475285457,0.7760067863709661,740.0,211.0,20,,,
vital_noise,sd=5pct_training_sd,high_recall,0.8971563981042653,0.8885071090047394,0.9052132701421801,740.0,211.0,20,,,
vital_noise,sd=5pct_training_sd,high_to_low,4.6,4.0,5.0,740.0,211.0,20,,,
vital_noise,sd=5pct_training_sd,balanced_accuracy,0.8805177658657064,0.8758178658036515,0.8859995350204336,740.0,211.0,20,,,
vital_noise,sd=10pct_training_sd,high_recall,0.8971563981042653,0.8885071090047394,0.9052132701421801,740.0,211.0,20,,,
vital_noise,sd=10pct_training_sd,high_to_low,4.8,4.0,5.524999999999999,740.0,211.0,20,,,
vital_noise,sd=10pct_training_sd,balanced_accuracy,0.8715778742105658,0.8611799140435346,0.8783617278366644,740.0,211.0,20,,,
free_text_input,patient_complains_prefix_pipe_to_and_mapped,balanced_accuracy,0.8851047076899321,0.8851047076899321,0.8851047076899321,740.0,211.0,1,0.8851047076899321,0.0,
free_text_input,patient_complains_prefix_pipe_to_and_mapped,macro_f1,0.8824573092864648,0.8824573092864648,0.8824573092864648,740.0,211.0,1,0.8824573092864648,0.0,
free_text_input,patient_complains_prefix_pipe_to_and_mapped,high_recall,0.9052132701421801,0.9052132701421801,0.9052132701421801,740.0,211.0,1,0.9052132701421801,0.0,
free_text_input,patient_complains_prefix_pipe_to_and_mapped,high_to_low,5.0,5.0,5.0,740.0,211.0,1,5.0,0.0,
free_text_input,baseline,mean_complaint_nonzero,2.422972972972973,2.422972972972973,2.422972972972973,740.0,211.0,1,2.422972972972973,0.0,
free_text_input,patient_complains_prefix_pipe_to_and_mapped,mean_complaint_nonzero,2.422972972972973,2.422972972972973,2.422972972972973,740.0,211.0,1,2.422972972972973,0.0,
subgroup,injury_visits,all,,,,0.0,0.0,1,,,injury_flag
subgroup,injury_like_complaint_proxy,balanced_accuracy,0.8593606735017087,0.8593606735017087,0.8593606735017087,331.0,78.0,1,,,injury_flag
subgroup,injury_like_complaint_proxy,macro_f1,0.853100314504459,0.853100314504459,0.853100314504459,331.0,78.0,1,,,injury_flag
subgroup,injury_like_complaint_proxy,high_recall,0.8333333333333334,0.8333333333333334,0.8333333333333334,331.0,78.0,1,,,injury_flag
subgroup,injury_like_complaint_proxy,high_to_low,3.0,3.0,3.0,331.0,78.0,1,,,injury_flag
subgroup,age_lt_18,balanced_accuracy,0.8899086808636497,0.8899086808636497,0.8899086808636497,136.0,64.0,1,,,injury_flag
subgroup,age_lt_18,macro_f1,0.8890573405690988,0.8890573405690988,0.8890573405690988,136.0,64.0,1,,,injury_flag
subgroup,age_lt_18,high_recall,0.96875,0.96875,0.96875,136.0,64.0,1,,,injury_flag
subgroup,age_lt_18,high_to_low,0.0,0.0,0.0,136.0,64.0,1,,,injury_flag
subgroup,age_ge_65,balanced_accuracy,0.8424044723374582,0.8424044723374582,0.8424044723374582,193.0,51.0,1,,,injury_flag
subgroup,age_ge_65,macro_f1,0.8400469312618846,0.8400469312618846,0.8400469312618846,193.0,51.0,1,,,injury_flag
subgroup,age_ge_65,high_recall,0.7647058823529411,0.7647058823529411,0.7647058823529411,193.0,51.0,1,,,injury_flag
subgroup,age_ge_65,high_to_low,1.0,1.0,1.0,193.0,51.0,1,,,injury_flag
subgroup,rest,balanced_accuracy,0.897877152823196,0.897877152823196,0.897877152823196,411.0,96.0,1,,,injury_flag
subgroup,rest,macro_f1,0.887750660493073,0.887750660493073,0.887750660493073,411.0,96.0,1,,,injury_flag
subgroup,rest,high_recall,0.9375,0.9375,0.9375,411.0,96.0,1,,,injury_flag
subgroup,rest,high_to_low,4.0,4.0,4.0,411.0,96.0,1,,,injury_flag
prevalence_resample,high_prevalence=20pct,high_precision,0.6972397083677493,0.6557577491417483,0.7539976770467102,740.0,148.0,20,,,
prevalence_resample,high_prevalence=20pct,high_recall,0.9037162162162163,0.8716216216216216,0.9395270270270271,740.0,148.0,20,,,
prevalence_resample,high_prevalence=20pct,non_high_predicted_high_per_100,7.885135135135135,5.932432432432433,9.39527027027027,740.0,148.0,20,,,
prevalence_resample,high_prevalence=35pct,high_precision,0.8336763182170017,0.8029584775086506,0.8829556803995006,740.0,259.0,20,,,
prevalence_resample,high_prevalence=35pct,high_recall,0.9061776061776061,0.872007722007722,0.9306949806949807,740.0,259.0,20,,,
prevalence_resample,high_prevalence=35pct,non_high_predicted_high_per_100,6.351351351351352,4.246621621621622,7.773648648648649,740.0,259.0,20,,,
prevalence_resample,high_prevalence=50pct,high_precision,0.902570216542357,0.8782481579702814,0.9338306559316213,740.0,370.0,20,,,
prevalence_resample,high_prevalence=50pct,high_recall,0.9070270270270271,0.87,0.9351351351351351,740.0,370.0,20,,,
prevalence_resample,high_prevalence=50pct,non_high_predicted_high_per_100,4.912162162162162,3.236486486486487,6.358108108108108,740.0,370.0,20,,,
