lat,lng,elevation,slope,avg_rainfall,rainfall_7d,label
6.9003514,80.4978097,763.0,19.0,13.221038251366117,39.300000000000004,1.0
6.9003514,80.4978097,763.0,19.0,13.221038251366117,39.300000000000004,1.0
6.9890908,80.4941848,666.0,39.0,8.921584699453556,34.2,1.0
6.9890908,80.4941848,666.0,39.0,8.921584699453556,34.2,1.0
6.9866191,80.4454418,163.0,126.0,11.436065573770488,38.3,1.0
6.9866191,80.4454418,163.0,126.0,11.436065573770488,38.3,1.0
7.012135827521417,80.49984406923258,661.0,14.0,8.921584699453556,34.2,1.0
7.023014819922504,80.49168738398761,692.0,29.0,8.921584699453556,34.2,1.0
6.9003514,80.4978097,763.0,19.0,13.221038251366117,39.300000000000004,1.0
6.9003514,80.4978097,763.0,19.0,13.221038251366117,39.300000000000004,1.0
7.018675016881468,80.49134601167943,612.0,29.0,8.71830601092896,33.199999999999996,1.0
7.005706162934728,80.48356289789739,761.0,52.0,8.921584699453556,34.2,1.0
7.02789743178572,80.50660359260151,594.0,36.0,8.71830601092896,33.199999999999996,1.0
7.025217136379114,80.50257152151288,619.0,16.0,8.71830601092896,33.199999999999996,1.0
7.024570739136243,80.49522205351067,643.0,24.0,8.71830601092896,33.199999999999996,1.0
7.023060181571019,80.48830112727688,699.0,66.0,8.921584699453556,34.2,1.0
6.9003514,80.4978097,763.0,19.0,13.221038251366117,39.300000000000004,1.0
6.9003514,80.4978097,763.0,19.0,13.221038251366117,39.300000000000004,1.0
7.008336351985786,80.48520444484303,684.0,32.0,8.921584699453556,34.2,1.0
7.014655235503081,80.47730106785757,728.0,13.0,8.921584699453556,34.2,1.0
7.034714440299847,80.49510245699179,778.0,59.0,8.71830601092896,33.199999999999996,1.0
7.032665821807863,80.490364595156,910.0,21.0,8.921584699453556,34.2,1.0
7.024592312317142,80.48289899845938,629.0,3.0,8.71830601092896,33.199999999999996,1.0
7.019219801467356,80.49451031671119,613.0,14.0,8.71830601092896,33.199999999999996,1.0
7.020074070741686,80.49569451071496,631.0,19.0,8.71830601092896,33.199999999999996,1.0
7.025442918416023,80.50793049488358,572.0,5.0,8.71830601092896,33.199999999999996,1.0
7.015212118769874,80.50340133778684,595.0,16.0,8.921584699453556,34.2,1.0
7.018700688075112,80.49299953349941,606.0,12.0,8.71830601092896,33.199999999999996,1.0
7.017200700433913,80.4937893090801,596.0,7.0,8.71830601092896,33.199999999999996,1.0
7.015801978503914,80.50466874853873,599.0,30.0,8.921584699453556,34.2,1.0
7.01879481095107,80.49296600789383,606.0,12.0,8.71830601092896,33.199999999999996,1.0
7.020718389702834,80.4952688454275,631.0,48.0,8.71830601092896,33.199999999999996,1.0
6.949261,80.4953134,502.0,38.0,9.840437158469944,28.4,1.0
7.016276761390628,80.50263992392789,599.0,13.0,8.71830601092896,33.199999999999996,1.0
7.010540388855112,80.50237590714737,690.0,78.0,8.921584699453556,34.2,1.0
6.9998737,80.4826168,656.0,87.0,8.921584699453556,34.2,1.0
6.9905174,80.4893267,596.0,33.0,8.921584699453556,34.2,1.0
6.9890908,80.4941848,666.0,39.0,8.921584699453556,34.2,1.0
6.9890908,80.4941848,666.0,39.0,8.921584699453556,34.2,1.0
6.9890908,80.4941848,666.0,39.0,8.921584699453556,34.2,1.0
6.9890908,80.4941848,666.0,39.0,8.921584699453556,34.2,1.0
7.007562004280139,80.4962509829412,600.0,8.0,8.921584699453556,34.2,1.0
7.019750251971002,80.48905303721185,627.0,21.0,8.71830601092896,33.199999999999996,1.0
7.022854730068197,80.50531334531038,590.0,12.0,8.71830601092896,33.199999999999996,1.0
7.014606727354597,80.49264070238216,595.0,5.0,8.71830601092896,33.199999999999996,1.0
7.013962286115167,80.48978479327778,628.0,31.0,8.71830601092896,33.199999999999996,1.0
7.031745900605083,80.49692468511513,663.0,31.0,8.71830601092896,33.199999999999996,1.0
7.009731448978847,80.48564902102645,670.0,20.0,8.921584699453556,34.2,1.0
7.026191671625248,80.50655968028866,598.0,25.0,8.71830601092896,33.199999999999996,1.0
6.9003514,80.4978097,763.0,19.0,13.221038251366117,39.300000000000004,1.0
6.9003514,80.4978097,763.0,19.0,13.221038251366117,39.300000000000004,1.0
7.029737239265145,80.49777024091627,615.0,17.0,8.71830601092896,33.199999999999996,1.0
7.028580627443513,80.48976860757365,905.0,76.0,8.921584699453556,34.2,1.0
7.020513034309877,80.49266102400838,632.0,21.0,8.71830601092896,33.199999999999996,1.0
7.021241258118858,80.48679421240399,644.0,23.0,8.71830601092896,33.199999999999996,1.0
7.017256682879567,80.49755921579008,642.0,16.0,8.71830601092896,33.199999999999996,1.0
7.022458422023939,80.49557624798472,660.0,31.0,8.71830601092896,33.199999999999996,1.0
7.011824257427987,80.47684808823092,704.0,15.0,8.921584699453556,34.2,1.0
7.012276444944166,80.4956460965413,603.0,1.0,8.921584699453556,34.2,1.0
7.030439184041679,80.50426141176845,575.0,10.0,8.71830601092896,33.199999999999996,1.0
6.9447494,80.5393499,1008.0,9.0,10.850819672131147,41.8,1.0
7.007497754169076,80.4933725661694,615.0,19.0,8.921584699453556,34.2,1.0
7.032852329542935,80.49611887613587,708.0,44.0,8.71830601092896,33.199999999999996,1.0
7.026490285298844,80.48810317712089,835.0,86.0,8.921584699453556,34.2,1.0
7.0182912561331,80.50348261815459,616.0,29.0,8.71830601092896,33.199999999999996,1.0
6.9003514,80.4978097,763.0,19.0,13.221038251366117,39.300000000000004,1.0
7.014228706541981,80.48540112119252,639.0,25.0,8.71830601092896,33.199999999999996,1.0
6.9767266,80.478909,246.0,28.0,9.840437158469944,28.4,1.0
6.9703898,80.4836719,257.0,34.0,9.840437158469944,28.4,1.0
6.9890908,80.4941848,666.0,39.0,8.921584699453556,34.2,1.0
6.9447494,80.5393499,1008.0,9.0,10.850819672131147,41.8,1.0
7.0175342882538,80.49630673179138,600.0,20.0,8.71830601092896,33.199999999999996,1.0
6.9447494,80.5393499,1008.0,9.0,10.850819672131147,41.8,1.0
7.005950587385173,80.491376038101,604.0,1.0,8.921584699453556,34.2,1.0
6.9767266,80.478909,246.0,28.0,9.840437158469944,28.4,1.0
7.014021758396361,80.491550821674,601.0,9.0,8.71830601092896,33.199999999999996,1.0
6.9703898,80.4836719,257.0,34.0,9.840437158469944,28.4,1.0
6.949261,80.4953134,502.0,38.0,9.840437158469944,28.4,1.0
7.019038768259811,80.49343036727079,602.0,28.0,8.71830601092896,33.199999999999996,1.0
7.030282803365342,80.49079964286214,909.0,131.0,8.921584699453556,34.2,1.0
7.019366241321495,80.48985012748822,632.0,39.0,8.71830601092896,33.199999999999996,1.0
7.034599931636743,80.48669041099951,857.0,33.0,8.921584699453556,34.2,1.0
6.9767266,80.478909,246.0,28.0,9.840437158469944,28.4,1.0
7.03243407135038,80.48239643324685,791.0,72.0,8.71830601092896,33.199999999999996,1.0
7.005401847970905,80.48344130187525,761.0,50.0,8.921584699453556,34.2,1.0
7.024746381806174,80.4898576395916,852.0,134.0,8.921584699453556,34.2,1.0
7.019100946184135,80.49317350244564,606.0,30.0,8.71830601092896,33.199999999999996,1.0
7.024432991364914,80.50891678497625,581.0,14.0,8.71830601092896,33.199999999999996,1.0
7.026270012877212,80.49520473480872,655.0,34.0,8.71830601092896,33.199999999999996,1.0
6.9703898,80.4836719,257.0,34.0,9.840437158469944,28.4,1.0
6.9764711,80.4506492,218.0,24.0,11.436065573770488,38.3,1.0
7.010924962117256,80.50864484979614,670.0,26.0,8.921584699453556,34.2,1.0
7.005578786130038,80.50428788880507,771.0,41.0,8.921584699453556,34.2,1.0
7.016808908346119,80.50837187782274,617.0,3.0,8.71830601092896,33.199999999999996,1.0
6.9764711,80.4506492,218.0,24.0,11.436065573770488,38.3,1.0
6.9764711,80.4506492,218.0,24.0,11.436065573770488,38.3,1.0
6.909833,80.485003,591.0,31.0,11.45273224043715,27.2,1.0
7.021383329730625,80.48832087141793,648.0,82.0,8.71830601092896,33.199999999999996,1.0
7.014551483000552,80.49850190557775,613.0,15.0,8.921584699453556,34.2,1.0
6.9764711,80.4506492,218.0,24.0,11.436065573770488,38.3,1.0
7.015902356280095,80.50818603827167,628.0,21.0,8.921584699453556,34.2,1.0
7.013358342193751,80.4915003908161,601.0,7.0,8.921584699453556,34.2,1.0
7.020797346704296,80.49540760527739,631.0,48.0,8.71830601092896,33.199999999999996,1.0
6.9890908,80.4941848,666.0,39.0,8.921584699453556,34.2,1.0
7.022096009874294,80.4834559574224,616.0,5.0,8.71830601092896,33.199999999999996,1.0
7.033915150283609,80.500698190871,639.0,66.0,8.71830601092896,33.199999999999996,1.0
7.031362934505203,80.4919854935393,824.0,114.0,8.921584699453556,34.2,1.0
7.020295339696401,80.48277739161902,632.0,11.0,8.71830601092896,33.199999999999996,1.0
7.01941888645722,80.49469875108024,613.0,14.0,8.71830601092896,33.199999999999996,1.0
7.029938941924584,80.49341270441548,704.0,35.0,8.71830601092896,33.199999999999996,1.0
6.9767266,80.478909,246.0,28.0,9.840437158469944,28.4,1.0
6.9764711,80.4506492,218.0,24.0,11.436065573770488,38.3,1.0
7.02599648051716,80.4765508998568,749.0,33.0,8.921584699453556,34.2,1.0
6.9764711,80.4506492,218.0,24.0,11.436065573770488,38.3,1.0
6.9764711,80.4506492,218.0,24.0,11.436065573770488,38.3,1.0
7.018188549647219,80.49057516915758,608.0,41.0,8.71830601092896,33.199999999999996,1.0
7.017636101499742,80.48369734738192,622.0,21.0,8.71830601092896,33.199999999999996,1.0
7.020970854839571,80.47723954558121,739.0,27.0,8.921584699453556,34.2,1.0
7.030792984942711,80.49905861244522,609.0,55.0,8.71830601092896,33.199999999999996,1.0
6.9003514,80.4978097,763.0,19.0,13.221038251366117,39.300000000000004,1.0
7.010952748229983,80.50285252014585,648.0,33.0,8.921584699453556,34.2,1.0
6.9764711,80.4506492,218.0,24.0,11.436065573770488,38.3,1.0
7.028312986061674,80.50151118117239,583.0,7.0,8.71830601092896,33.199999999999996,1.0
6.9154445,80.5053843,860.0,53.0,10.850819672131147,41.8,1.0
7.0230897255880205,80.48807892442852,699.0,32.0,8.921584699453556,34.2,1.0
7.01508406150804,80.48929711701207,596.0,5.0,8.71830601092896,33.199999999999996,1.0
7.0117669515934375,80.50586100011941,627.0,18.0,8.921584699453556,34.2,1.0
7.0323124918409565,80.49874369659501,652.0,25.0,8.71830601092896,33.199999999999996,1.0
6.9447494,80.5393499,1008.0,9.0,10.850819672131147,41.8,1.0
7.013023672963531,80.50762486338438,636.0,23.0,8.921584699453556,34.2,1.0
7.011377201429021,80.50778874306317,659.0,31.0,8.921584699453556,34.2,1.0
7.017687042971248,80.48381856271983,622.0,21.0,8.71830601092896,33.199999999999996,1.0
7.012998254978342,80.48610010395097,646.0,25.0,8.71830601092896,33.199999999999996,1.0
7.029784970808199,80.48359352771806,838.0,28.0,8.921584699453556,34.2,1.0
7.007331348778193,80.49507489227204,603.0,10.0,8.921584699453556,34.2,1.0
7.028106476428824,80.50172525027673,593.0,23.0,8.71830601092896,33.199999999999996,1.0
6.949261,80.4953134,502.0,38.0,9.840437158469944,28.4,1.0
6.909833,80.485003,591.0,31.0,11.45273224043715,27.2,1.0
7.015582400663114,80.47896206785528,729.0,29.0,8.921584699453556,34.2,1.0
7.019950248343527,80.47690526805677,741.0,15.0,8.921584699453556,34.2,1.0
7.013220231492225,80.4907208834502,626.0,45.0,8.921584699453556,34.2,1.0
6.9447494,80.5393499,1008.0,9.0,10.850819672131147,41.8,1.0
6.9447494,80.5393499,1008.0,9.0,10.850819672131147,41.8,1.0
6.9447494,80.5393499,1008.0,9.0,10.850819672131147,41.8,1.0
7.019753346882989,80.48626612547315,609.0,19.0,8.71830601092896,33.199999999999996,1.0
7.017172318263335,80.49309189487884,597.0,4.0,8.71830601092896,33.199999999999996,1.0
7.008551044877153,80.49153099677613,600.0,31.0,8.921584699453556,34.2,1.0
7.018282756266624,80.49331230856747,600.0,17.0,8.71830601092896,33.199999999999996,1.0
7.027146784335391,80.49436964238001,665.0,17.0,8.71830601092896,33.199999999999996,1.0
7.0264799072800335,80.49920368394278,593.0,17.0,8.71830601092896,33.199999999999996,1.0
7.023926964454262,80.49404598151489,670.0,29.0,8.71830601092896,33.199999999999996,1.0
7.011895350356654,80.48491714683728,690.0,54.0,8.921584699453556,34.2,1.0
7.01864818841908,80.49353444963799,602.0,10.0,8.71830601092896,33.199999999999996,1.0
7.018192435175128,80.49298890534847,600.0,17.0,8.71830601092896,33.199999999999996,1.0
7.031255826558851,80.48483175739659,866.0,38.0,8.921584699453556,34.2,1.0
7.0188932609452594,80.49956425968557,605.0,11.0,8.71830601092896,33.199999999999996,1.0
6.9764711,80.4506492,218.0,24.0,11.436065573770488,38.3,1.0
7.016928467871962,80.49425668340696,602.0,5.0,8.71830601092896,33.199999999999996,1.0
7.019192535891625,80.48355032816363,615.0,16.0,8.71830601092896,33.199999999999996,1.0
7.020707131828888,80.50688006328811,591.0,17.0,8.71830601092896,33.199999999999996,1.0
7.022306998231366,80.49484743757608,658.0,11.0,8.71830601092896,33.199999999999996,1.0
7.016090270512679,80.50398251113764,607.0,7.0,8.71830601092896,33.199999999999996,1.0
7.019678402708324,80.49433993670075,613.0,14.0,8.71830601092896,33.199999999999996,1.0
7.0197062221986375,80.49262430766493,614.0,20.0,8.71830601092896,33.199999999999996,1.0
7.022283437014716,80.48401523564964,616.0,20.0,8.71830601092896,33.199999999999996,1.0
7.012349486571052,80.48572873255793,670.0,45.0,8.71830601092896,33.199999999999996,1.0
6.9764711,80.4506492,218.0,24.0,11.436065573770488,38.3,1.0
7.026803078867364,80.48466286736748,777.0,94.0,8.921584699453556,34.2,1.0
7.023193158985468,80.48058634873743,682.0,36.0,8.71830601092896,33.199999999999996,1.0
7.025687893400877,80.5093526644251,588.0,17.0,8.71830601092896,33.199999999999996,1.0
7.026126672607628,80.4871677438064,788.0,110.0,8.921584699453556,34.2,1.0
6.9003514,80.4978097,763.0,19.0,13.221038251366117,39.300000000000004,1.0
7.013222247560671,80.49159081967363,601.0,8.0,8.921584699453556,34.2,1.0
7.023923834155712,80.47951954138298,680.0,20.0,8.71830601092896,33.199999999999996,1.0
7.022740663464861,80.49003862520065,775.0,66.0,8.921584699453556,34.2,1.0
7.015586782696929,80.50027806771179,603.0,6.0,8.71830601092896,33.199999999999996,1.0
7.019953325437121,80.49393364241858,612.0,29.0,8.71830601092896,33.199999999999996,1.0
6.9764711,80.4506492,218.0,24.0,11.436065573770488,38.3,1.0
7.018927522793445,80.49348120334041,602.0,10.0,8.71830601092896,33.199999999999996,1.0
6.909833,80.485003,591.0,31.0,11.45273224043715,27.2,1.0
6.9154445,80.5053843,860.0,53.0,10.850819672131147,41.8,1.0
6.9003514,80.4978097,763.0,19.0,13.221038251366117,39.300000000000004,1.0
7.003306948919253,80.50075242070102,655.0,42.0,8.921584699453556,34.2,1.0
7.025107288905172,80.4792138171202,686.0,23.0,8.921584699453556,34.2,1.0
7.026902014466383,80.48332722137086,736.0,117.0,8.921584699453556,34.2,1.0
7.0262258927907295,80.49334959543364,673.0,17.0,8.71830601092896,33.199999999999996,1.0
7.015749096130906,80.49281312079552,595.0,4.0,8.71830601092896,33.199999999999996,1.0
7.016416782292136,80.49443386611122,597.0,10.0,8.71830601092896,33.199999999999996,1.0
7.01965055083247,80.49749874035429,637.0,18.0,8.71830601092896,33.199999999999996,1.0
7.026083983913644,80.49984466063225,593.0,10.0,8.71830601092896,33.199999999999996,1.0
6.9703898,80.4836719,257.0,34.0,9.840437158469944,28.4,1.0
7.012128973746364,80.50408164017678,620.0,23.0,8.921584699453556,34.2,1.0
6.9447494,80.5393499,1008.0,9.0,10.850819672131147,41.8,1.0
6.9447494,80.5393499,1008.0,9.0,10.850819672131147,41.8,1.0
7.030002713196301,80.48881778520123,921.0,27.0,8.921584699453556,34.2,1.0
7.0166254274523725,80.49757920164373,637.0,7.0,8.71830601092896,33.199999999999996,1.0
7.001779392532086,80.4909835324038,607.0,7.0,8.921584699453556,34.2,1.0
7.014996461374919,80.48020898496833,681.0,8.0,8.71830601092896,33.199999999999996,1.0
7.012323735075419,80.50063137707332,682.0,32.0,8.921584699453556,34.2,1.0
7.029713612065405,80.49106676183908,804.0,124.0,8.921584699453556,34.2,1.0
7.026215283225466,80.49124468958671,767.0,55.0,8.921584699453556,34.2,1.0
7.018814415202711,80.49752244251088,626.0,17.0,8.71830601092896,33.199999999999996,1.0
6.949261,80.4953134,502.0,38.0,9.840437158469944,28.4,1.0
6.9767266,80.478909,246.0,28.0,9.840437158469944,28.4,1.0
7.012451436334915,80.49313711651413,599.0,1.0,8.921584699453556,34.2,1.0
7.014573205681321,80.50608636264649,610.0,26.0,8.921584699453556,34.2,1.0
6.9866191,80.4454418,163.0,126.0,11.436065573770488,38.3,1.0
6.9866191,80.4454418,163.0,126.0,11.436065573770488,38.3,1.0
6.9767266,80.478909,246.0,28.0,9.840437158469944,28.4,1.0
6.9866191,80.4454418,163.0,126.0,11.436065573770488,38.3,1.0
7.018808079947878,80.4932804643696,606.0,12.0,8.71830601092896,33.199999999999996,1.0
7.02089987893235,80.49350941769985,640.0,15.0,8.71830601092896,33.199999999999996,1.0
7.018224295848583,80.49249482838609,600.0,17.0,8.71830601092896,33.199999999999996,1.0
7.018130651669515,80.49301295452818,600.0,9.0,8.71830601092896,33.199999999999996,1.0
7.033478816517682,80.49796148366485,701.0,32.0,8.71830601092896,33.199999999999996,1.0
6.9890908,80.4941848,666.0,39.0,8.921584699453556,34.2,1.0
6.9447494,80.5393499,1008.0,9.0,10.850819672131147,41.8,1.0
7.016594681699168,80.50559328633607,607.0,18.0,8.71830601092896,33.199999999999996,1.0
6.9767266,80.478909,246.0,28.0,9.840437158469944,28.4,1.0
6.9447494,80.5393499,1008.0,9.0,10.850819672131147,41.8,1.0
7.026027754144627,80.48833398870309,884.0,6.0,8.921584699453556,34.2,1.0
6.9764711,80.4506492,218.0,24.0,11.436065573770488,38.3,1.0
7.018979928162115,80.49479766931246,602.0,14.0,8.71830601092896,33.199999999999996,1.0
7.024298118191841,80.50007378172278,596.0,12.0,8.71830601092896,33.199999999999996,1.0
7.010352103297735,80.49359460503369,608.0,7.0,8.921584699453556,34.2,1.0
7.02197247872798,80.49274228952697,663.0,24.0,8.71830601092896,33.199999999999996,1.0
7.019254455870222,80.50089176008322,602.0,6.0,8.71830601092896,33.199999999999996,1.0
7.015490017426167,80.48663958311757,613.0,12.0,8.71830601092896,33.199999999999996,1.0
7.019673808516906,80.48187500029805,646.0,22.0,8.71830601092896,33.199999999999996,1.0
7.01975235837621,80.50452016724148,598.0,11.0,8.71830601092896,33.199999999999996,1.0
7.018753022523117,80.4922106397796,613.0,21.0,8.71830601092896,33.199999999999996,1.0
7.014312841657765,80.49804728979468,607.0,23.0,8.921584699453556,34.2,1.0
7.011264832664488,80.48463111949712,702.0,38.0,8.921584699453556,34.2,1.0
7.012806701556003,80.48623000260781,646.0,25.0,8.71830601092896,33.199999999999996,1.0
6.9703898,80.4836719,257.0,34.0,9.840437158469944,28.4,1.0
7.003820373586686,80.48955972018727,616.0,19.0,8.921584699453556,34.2,1.0
7.028873587482729,80.49945117091596,602.0,7.0,8.71830601092896,33.199999999999996,1.0
7.020363621174927,80.49048225845026,673.0,52.0,8.71830601092896,33.199999999999996,1.0
7.0183173854238685,80.49418189523215,597.0,17.0,8.71830601092896,33.199999999999996,1.0
7.023359871558425,80.50377243697126,596.0,19.0,8.71830601092896,33.199999999999996,1.0
7.019326489978638,80.49314736044666,614.0,20.0,8.71830601092896,33.199999999999996,1.0
7.009984798087016,80.48727702077183,636.0,34.0,8.921584699453556,34.2,1.0
7.011417505872842,80.47769393092564,700.0,16.0,8.921584699453556,34.2,1.0
7.029177037784306,80.49411228248432,704.0,14.0,8.71830601092896,33.199999999999996,1.0
7.01189052731355,80.49249047386803,599.0,2.0,8.921584699453556,34.2,1.0
7.02056992708246,80.50457657684055,590.0,9.0,8.71830601092896,33.199999999999996,1.0
7.013810829714529,80.48644644788719,641.0,29.0,8.71830601092896,33.199999999999996,1.0
7.023362384699847,80.50183299344808,591.0,17.0,8.71830601092896,33.199999999999996,1.0
7.012712818591842,80.47709741076447,717.0,8.0,8.921584699453556,34.2,1.0
7.013596172443751,80.49760315209735,608.0,25.0,8.921584699453556,34.2,1.0
7.034832585357485,80.48626984116308,851.0,58.0,8.921584699453556,34.2,1.0
7.029456969500029,80.50552468073627,571.0,2.0,8.71830601092896,33.199999999999996,1.0
7.0169542130358575,80.49601365552725,607.0,22.0,8.71830601092896,33.199999999999996,1.0
7.019809737307003,80.49384901969405,612.0,19.0,8.71830601092896,33.199999999999996,1.0
7.020480717385116,80.49219167404821,644.0,24.0,8.71830601092896,33.199999999999996,1.0
7.019099945331129,80.49279495223617,606.0,30.0,8.71830601092896,33.199999999999996,1.0
7.018779523831814,80.49473778961732,602.0,14.0,8.71830601092896,33.199999999999996,1.0
7.012269244395016,80.48255694908335,741.0,46.0,8.921584699453556,34.2,1.0
7.019390199239058,80.49184660931165,627.0,30.0,8.71830601092896,33.199999999999996,1.0
7.013459328506143,80.49105699601748,601.0,9.0,8.71830601092896,33.199999999999996,1.0
6.938174011031263,80.51469668281551,1184.0,89.0,10.850819672131147,41.8,0.0
7.073276017503316,80.58742126097141,747.0,96.0,7.735245901639349,22.900000000000002,0.0
7.021990207150436,80.42260522523489,242.0,52.0,11.436065573770488,38.3,0.0
6.886934835748805,80.56557154536871,1322.0,21.0,9.901912568306015,41.6,0.0
6.886929180037705,80.53908283520835,1311.0,126.0,9.901912568306015,41.6,0.0
6.863970914231044,80.53059879800648,1028.0,17.0,12.387158469945357,31.1,0.0
7.053453409389684,80.53165915400618,594.0,1.0,8.71830601092896,33.199999999999996,0.0
6.991301560489726,80.46515004609984,424.0,32.0,9.840437158469944,28.4,0.0
7.016381097360747,80.45237163669682,687.0,75.0,8.71830601092896,33.199999999999996,0.0
6.855178076622464,80.55238348387265,1276.0,34.0,12.387158469945357,31.1,0.0
7.077777011824847,80.5525293491468,559.0,20.0,8.71830601092896,33.199999999999996,0.0
7.045543537156997,80.56357414585847,693.0,44.0,8.71830601092896,33.199999999999996,0.0
6.9001409263695965,80.57252654038918,1328.0,11.0,9.901912568306015,41.6,0.0
6.892985933838307,80.49459523301257,985.0,74.0,10.850819672131147,41.8,0.0
6.893356306870341,80.49268987182184,1007.0,120.0,10.850819672131147,41.8,0.0
6.921690481764973,80.5502377013926,1204.0,14.0,9.901912568306015,41.6,0.0
6.973396910113091,80.52147507088564,1036.0,33.0,10.850819672131147,41.8,0.0
6.951634379980464,80.53155886343198,1051.0,59.0,10.850819672131147,41.8,0.0
6.918639154004278,80.54975244452429,1227.0,31.0,9.901912568306015,41.6,0.0
6.993819392018912,80.56802104482169,1142.0,38.0,9.161748633879782,27.0,0.0
6.883060085795782,80.46098179867428,643.0,81.0,13.221038251366117,39.300000000000004,0.0
6.918853823484384,80.4682703767388,843.0,93.0,10.850819672131147,41.8,0.0
6.936256359285258,80.41366565938885,247.0,37.0,12.991256830601094,33.3,0.0
6.95729123050518,80.5075750034083,728.0,62.0,8.921584699453556,34.2,0.0
7.0344603901416365,80.4024112980216,718.0,53.0,9.661475409836063,34.4,0.0
6.897171145125305,80.48572502705983,1096.0,170.0,12.387158469945357,31.1,0.0
6.970929700670864,80.50066499009134,747.0,100.0,8.921584699453556,34.2,0.0
6.989261470329815,80.45100446977182,191.0,18.0,9.840437158469944,28.4,0.0
6.861243147834929,80.51000915497374,1312.0,41.0,12.387158469945357,31.1,0.0
6.992809237031687,80.4013560455152,150.0,25.0,11.436065573770488,38.3,0.0
6.890336098654243,80.40268391631881,339.0,46.0,13.657103825136625,36.99999999999999,0.0
6.8656047746325815,80.55495071177646,1396.0,26.0,10.480601092896173,43.7,0.0
7.072847205543735,80.46528568291384,981.0,57.0,8.71830601092896,33.199999999999996,0.0
7.076773943734481,80.42007986259335,584.0,48.0,9.661475409836063,34.4,0.0
7.039905368426195,80.49670899829503,747.0,85.0,8.71830601092896,33.199999999999996,0.0
6.921777597671984,80.5447497868936,1205.0,24.0,9.901912568306015,41.6,0.0
6.8732536730685885,80.43729124538196,647.0,101.0,13.221038251366117,39.300000000000004,0.0
7.01079117111731,80.51622530867417,682.0,22.0,8.921584699453556,34.2,0.0
6.953558878470115,80.41199136477675,391.0,59.0,12.991256830601094,33.3,0.0
6.878967069965339,80.40546330435653,433.0,19.0,13.657103825136625,36.99999999999999,0.0
6.966461068844548,80.49847576703358,663.0,19.0,8.921584699453556,34.2,0.0
6.858414861193787,80.50027532922469,1446.0,36.0,10.480601092896173,43.7,0.0
7.063569925749177,80.5190446210827,867.0,36.0,7.735245901639349,22.900000000000002,0.0
6.91103043683236,80.53623679094864,1277.0,51.0,9.901912568306015,41.6,0.0
7.005700410561071,80.58466742260963,1059.0,28.0,9.161748633879782,27.0,0.0
6.923441782610502,80.49555661956842,597.0,42.0,11.45273224043715,27.2,0.0
6.972297566072295,80.45806567605074,226.0,34.0,11.436065573770488,38.3,0.0
6.978544674347534,80.54963484417384,968.0,33.0,9.161748633879782,27.0,0.0
6.893696291850239,80.44795836726095,525.0,43.0,11.45273224043715,27.2,0.0
7.077700752822629,80.48056191414334,994.0,78.0,8.71830601092896,33.199999999999996,0.0
7.032105463231208,80.41065512783895,438.0,57.0,9.661475409836063,34.4,0.0
7.070646225460074,80.40035751448929,372.0,21.0,9.661475409836063,34.4,0.0
7.060171577818572,80.58210712505822,705.0,13.0,7.735245901639349,22.900000000000002,0.0
6.990547695756838,80.5575451168063,1111.0,22.0,9.161748633879782,27.0,0.0
7.066513563378745,80.53039683595264,775.0,76.0,8.71830601092896,33.199999999999996,0.0
6.871101226776384,80.47474108844078,1128.0,30.0,12.387158469945357,31.1,0.0
6.896305693889794,80.42904497234574,335.0,20.0,13.657103825136625,36.99999999999999,0.0
6.860956348314248,80.42577620971397,579.0,44.0,13.221038251366117,39.300000000000004,0.0
6.9266352415901125,80.44396592492159,372.0,23.0,11.45273224043715,27.2,0.0
6.941488911607924,80.5019412990225,685.0,59.0,11.45273224043715,27.2,0.0
6.913977642615949,80.53400773763852,1261.0,19.0,9.901912568306015,41.6,0.0
7.044674753496154,80.52345941894433,567.0,9.0,8.71830601092896,33.199999999999996,0.0
6.934003342923339,80.44972325008239,468.0,9.0,11.45273224043715,27.2,0.0
6.916225256839321,80.58059791232937,1307.0,4.0,9.901912568306015,41.6,0.0
6.97760342086781,80.53852598911233,889.0,8.0,8.921584699453556,34.2,0.0
6.883395479317668,80.5029355410498,1244.0,142.0,12.387158469945357,31.1,0.0
7.038451498937403,80.51405940763289,624.0,13.0,8.71830601092896,33.199999999999996,0.0
6.867832123299197,80.47680565086526,1268.0,55.0,12.387158469945357,31.1,0.0
7.081757818707906,80.44347884548529,1103.0,71.0,8.71830601092896,33.199999999999996,0.0
7.031428268890798,80.46446778576917,1210.0,8.0,8.921584699453556,34.2,0.0
6.896946488555253,80.54239429937253,1092.0,43.0,12.387158469945357,31.1,0.0
6.851646232568825,80.39823281403257,386.0,69.0,13.657103825136625,36.99999999999999,0.0
7.041561762357397,80.41794922518268,988.0,51.0,8.921584699453556,34.2,0.0
7.016096147864032,80.40436208490942,224.0,22.0,11.436065573770488,38.3,0.0
7.021289864896354,80.40333944467295,325.0,68.0,11.436065573770488,38.3,0.0
7.031199785121999,80.56132253647047,1073.0,80.0,9.161748633879782,27.0,0.0
6.867713477707992,80.53188675856245,1037.0,14.0,12.387158469945357,31.1,0.0
6.934404868939096,80.48738794626804,805.0,102.0,8.921584699453556,34.2,0.0
6.8775205144237095,80.41441263620693,246.0,35.0,13.657103825136625,36.99999999999999,0.0
7.052732914385415,80.49077010027375,929.0,35.0,8.71830601092896,33.199999999999996,0.0
6.996503083609626,80.4872518114757,721.0,29.0,8.921584699453556,34.2,0.0
6.9279407610999,80.4290270455107,386.0,53.0,11.45273224043715,27.2,0.0
6.865254637314433,80.4795691489856,1345.0,27.0,12.387158469945357,31.1,0.0
6.923270903421111,80.472715095888,384.0,67.0,11.45273224043715,27.2,0.0
6.926600770807316,80.51486012239812,924.0,85.0,10.850819672131147,41.8,0.0
7.021430321540854,80.51859160316181,624.0,38.0,8.71830601092896,33.199999999999996,0.0
6.999846631616891,80.40422661445727,171.0,16.0,11.436065573770488,38.3,0.0
7.058386095543562,80.46808222033825,1029.0,11.0,8.71830601092896,33.199999999999996,0.0
6.96107691539547,80.5168011071223,1007.0,51.0,10.850819672131147,41.8,0.0
6.878394000549547,80.49300399594237,1246.0,37.0,12.387158469945357,31.1,0.0
7.017593883158095,80.56152211777413,937.0,84.0,7.735245901639349,22.900000000000002,0.0
7.0287411800019415,80.52316783058933,710.0,65.0,8.921584699453556,34.2,0.0
6.981960342600223,80.42703610517995,139.0,22.0,11.436065573770488,38.3,0.0
7.031128698227462,80.40912565172779,394.0,63.0,9.661475409836063,34.4,0.0
6.966137176759829,80.52001210164036,915.0,46.0,10.850819672131147,41.8,0.0
6.972922413458762,80.40058255785564,310.0,66.0,11.436065573770488,38.3,0.0
6.950601724773659,80.50902842999113,676.0,114.0,8.921584699453556,34.2,0.0
6.856311706969708,80.57776005967726,1151.0,17.0,12.387158469945357,31.1,0.0
6.875649909691301,80.50703090443098,1166.0,107.0,12.387158469945357,31.1,0.0
6.857720952714646,80.47071109286784,1368.0,23.0,12.387158469945357,31.1,0.0
6.999577667606975,80.52018059619054,875.0,59.0,8.921584699453556,34.2,0.0
6.924061963066992,80.48430074731472,399.0,42.0,11.45273224043715,27.2,0.0
6.969601658502375,80.50124131494435,775.0,30.0,8.921584699453556,34.2,0.0
7.063158662596903,80.57799945228672,931.0,48.0,7.735245901639349,22.900000000000002,0.0
6.908805737391238,80.47031022890094,625.0,41.0,11.45273224043715,27.2,0.0
6.946578474243864,80.58182443596903,1421.0,11.0,9.901912568306015,41.6,0.0
7.027513926563771,80.57099662281549,790.0,44.0,7.735245901639349,22.900000000000002,0.0
6.904000265052094,80.43340728694383,384.0,43.0,11.45273224043715,27.2,0.0
6.868401740505368,80.40889151806623,367.0,27.0,13.657103825136625,36.99999999999999,0.0
6.918292664138274,80.41498347076889,304.0,41.0,12.991256830601094,33.3,0.0
6.888154758540178,80.39897515959062,416.0,48.0,13.657103825136625,36.99999999999999,0.0
7.0683480075453575,80.41375505507855,623.0,60.0,9.661475409836063,34.4,0.0
7.039840424511805,80.5278823457203,576.0,12.0,8.71830601092896,33.199999999999996,0.0
6.998872663636448,80.40924585556449,62.0,5.0,11.436065573770488,38.3,0.0
7.05469251217955,80.45729375841657,820.0,24.0,8.71830601092896,33.199999999999996,0.0
7.038797381230016,80.559269966287,743.0,58.0,7.735245901639349,22.900000000000002,0.0
6.894098568559813,80.39995441684185,262.0,47.0,12.991256830601094,33.3,0.0
7.059639691967419,80.5533738359687,643.0,53.0,8.71830601092896,33.199999999999996,0.0
7.039680924688101,80.41835491721095,1016.0,34.0,8.921584699453556,34.2,0.0
7.06046795019459,80.53054477993516,751.0,66.0,8.71830601092896,33.199999999999996,0.0
6.924917231759202,80.51739891242768,992.0,20.0,10.850819672131147,41.8,0.0
6.876156505714122,80.56559073094621,1133.0,35.0,12.387158469945357,31.1,0.0
6.903797907097485,80.53797802946903,1092.0,51.0,12.387158469945357,31.1,0.0
6.950500140552498,80.55124326059716,1105.0,12.0,9.161748633879782,27.0,0.0
7.042160471953432,80.45013058810162,974.0,13.0,8.921584699453556,34.2,0.0
7.052176527435386,80.42984876479919,811.0,37.0,8.921584699453556,34.2,0.0
6.851981543807714,80.54099208032265,1239.0,16.0,12.387158469945357,31.1,0.0
6.970112032926526,80.55189359130532,1120.0,25.0,9.161748633879782,27.0,0.0
6.948226426799582,80.58750877012558,1405.0,70.0,9.901912568306015,41.6,0.0
6.9024315026763325,80.47545170975631,885.0,84.0,10.850819672131147,41.8,0.0
6.878457573415712,80.46757912018171,999.0,92.0,10.850819672131147,41.8,0.0
6.929515805585393,80.54599456203286,1221.0,22.0,9.901912568306015,41.6,0.0
7.0714459850584825,80.46152636696374,978.0,60.0,8.71830601092896,33.199999999999996,0.0
6.926136406611241,80.57592318456886,1341.0,10.0,9.901912568306015,41.6,0.0
6.971998039938731,80.56189498572566,1276.0,28.0,9.901912568306015,41.6,0.0
6.935615700196967,80.54104178210042,1090.0,27.0,10.850819672131147,41.8,0.0
7.078216014665576,80.5417537750823,613.0,31.0,8.71830601092896,33.199999999999996,0.0
7.076027182562131,80.41543835347062,537.0,71.0,9.661475409836063,34.4,0.0
6.90938961117716,80.57045411928371,1133.0,24.0,9.901912568306015,41.6,0.0
6.966946819078885,80.49341432756185,466.0,88.0,9.840437158469944,28.4,0.0
6.920901702734192,80.55569859698377,1187.0,51.0,9.901912568306015,41.6,0.0
6.91714113675944,80.45750201004161,798.0,71.0,11.45273224043715,27.2,0.0
6.85900069513991,80.56909100774357,1323.0,122.0,10.480601092896173,43.7,0.0
6.993282767583252,80.47091115804015,357.0,26.0,9.840437158469944,28.4,0.0
6.968220173221046,80.39754330840701,318.0,53.0,12.991256830601094,33.3,0.0
6.862422198613821,80.5710026988217,1176.0,32.0,12.387158469945357,31.1,0.0
6.9156887532298725,80.41314302605092,445.0,121.0,11.45273224043715,27.2,0.0
7.063322661561227,80.45735930076924,975.0,100.0,8.71830601092896,33.199999999999996,0.0
6.906524156090072,80.57966651091309,1172.0,47.0,9.901912568306015,41.6,0.0
6.884326521360171,80.57977222570908,1290.0,4.0,9.901912568306015,41.6,0.0
6.965118863406376,80.506636051354,752.0,176.0,8.921584699453556,34.2,0.0
7.081467886827997,80.51796015332114,905.0,11.0,7.735245901639349,22.900000000000002,0.0
6.907108806986044,80.48239901912032,698.0,81.0,11.45273224043715,27.2,0.0
7.007954539876632,80.4522977436395,613.0,47.0,9.840437158469944,28.4,0.0
7.028936870193789,80.45917251753005,1153.0,128.0,8.921584699453556,34.2,0.0
6.90607293300078,80.52584857603283,875.0,7.0,10.850819672131147,41.8,0.0
7.021104432619208,80.54133331549166,680.0,9.0,8.71830601092896,33.199999999999996,0.0
6.936589624914499,80.5489353883687,1004.0,3.0,10.850819672131147,41.8,0.0
6.998615220666031,80.54855515379482,983.0,41.0,9.161748633879782,27.0,0.0
6.998902197538399,80.41312740215058,97.0,40.0,11.436065573770488,38.3,0.0
6.975980483006381,80.4913139018863,478.0,83.0,9.840437158469944,28.4,0.0
6.871522652308013,80.40660290979318,431.0,50.0,13.657103825136625,36.99999999999999,0.0
7.046214119297829,80.50199990146652,703.0,79.0,8.71830601092896,33.199999999999996,0.0
6.925568289873624,80.48105814061336,360.0,22.0,11.45273224043715,27.2,0.0
6.89408648140967,80.56757483144072,1315.0,19.0,9.901912568306015,41.6,0.0
6.859912403524881,80.46348706334545,1067.0,90.0,12.387158469945357,31.1,0.0
6.988904677738152,80.41814204272815,84.0,15.0,11.436065573770488,38.3,0.0
7.009227494720766,80.42316904538266,118.0,16.0,11.436065573770488,38.3,0.0
6.854240933789511,80.54310487972613,1148.0,84.0,12.387158469945357,31.1,0.0
6.970427587323355,80.51531929004334,842.0,55.0,8.921584699453556,34.2,0.0
6.903460397846875,80.41505030599389,292.0,12.0,12.991256830601094,33.3,0.0
7.001632280655604,80.41175079097083,60.0,9.0,11.436065573770488,38.3,0.0
6.891237046959642,80.5313653924399,1327.0,28.0,9.901912568306015,41.6,0.0
7.012363299838485,80.40955113631436,193.0,31.0,11.436065573770488,38.3,0.0
6.941033562420188,80.55480712256288,1171.0,31.0,9.901912568306015,41.6,0.0
7.069996958118892,80.53238788840768,692.0,67.0,8.71830601092896,33.199999999999996,0.0
6.882597473994833,80.41121598749159,342.0,26.0,13.657103825136625,36.99999999999999,0.0
6.930325042279817,80.4118925199466,216.0,27.0,12.991256830601094,33.3,0.0
6.876958805767181,80.58675920605197,1365.0,54.0,10.480601092896173,43.7,0.0
7.0671746557064585,80.46801593889056,1067.0,50.0,8.71830601092896,33.199999999999996,0.0
7.0560709715415415,80.46731231451766,976.0,33.0,8.71830601092896,33.199999999999996,0.0
6.9108338586196885,80.55305021976773,1257.0,23.0,9.901912568306015,41.6,0.0
7.005105241431124,80.5791209718682,1110.0,18.0,9.161748633879782,27.0,0.0
7.041974630203633,80.58663539288388,1049.0,26.0,9.161748633879782,27.0,0.0
6.98053554441528,80.54152793248501,893.0,46.0,8.921584699453556,34.2,0.0
6.974544495438193,80.46840158133709,592.0,43.0,9.840437158469944,28.4,0.0
6.907061211851762,80.41163326532367,343.0,19.0,12.991256830601094,33.3,0.0
6.87218224735519,80.54613688188834,1397.0,12.0,10.480601092896173,43.7,0.0
7.06073161444631,80.5037209070982,1128.0,31.0,9.161748633879782,27.0,0.0
7.061482493360941,80.47770188379127,1140.0,22.0,9.161748633879782,27.0,0.0
6.998801780152987,80.57119125674039,1119.0,38.0,9.161748633879782,27.0,0.0
6.9298475072766,80.41700389251876,211.0,27.0,12.991256830601094,33.3,0.0
6.93223447499336,80.49096579798534,630.0,4.0,11.45273224043715,27.2,0.0
7.020574348098491,80.39764336368492,344.0,30.0,11.436065573770488,38.3,0.0
7.060706877150041,80.48631889463387,1085.0,47.0,9.161748633879782,27.0,0.0
7.058356476276217,80.40635946121124,745.0,78.0,9.661475409836063,34.4,0.0
7.033217542424011,80.41848155638951,512.0,91.0,9.661475409836063,34.4,0.0
7.000895741427275,80.41823109121268,103.0,14.0,11.436065573770488,38.3,0.0
6.870080638727976,80.52132893618375,1175.0,83.0,12.387158469945357,31.1,0.0
6.888250292468711,80.54010594505309,1183.0,157.0,12.387158469945357,31.1,0.0
7.061045451233762,80.50856172883934,1020.0,37.0,7.735245901639349,22.900000000000002,0.0
6.992547604744206,80.58201485074686,1320.0,29.0,9.901912568306015,41.6,0.0
6.852507935564861,80.46813224182134,1113.0,38.0,12.387158469945357,31.1,0.0
6.87414456765128,80.45084368779796,704.0,52.0,13.221038251366117,39.300000000000004,0.0
7.005930081307245,80.56387020660888,1108.0,27.0,9.161748633879782,27.0,0.0
6.851538246180048,80.43879884421521,903.0,44.0,13.221038251366117,39.300000000000004,0.0
6.888057862511403,80.5822184525001,1292.0,8.0,9.901912568306015,41.6,0.0
6.979019149376382,80.3977986510936,216.0,27.0,11.436065573770488,38.3,0.0
7.012587806098134,80.58350916051711,1032.0,27.0,9.161748633879782,27.0,0.0
7.003224048935328,80.4038108565225,215.0,100.0,11.436065573770488,38.3,0.0
6.902938333521616,80.56824166800529,1300.0,37.0,9.901912568306015,41.6,0.0
6.905981847261232,80.58798571698239,1228.0,37.0,9.901912568306015,41.6,0.0
6.926651506939353,80.40975155165437,218.0,44.0,12.991256830601094,33.3,0.0
7.0026780922158105,80.58339741300708,1174.0,70.0,9.161748633879782,27.0,0.0
7.049478311926,80.49687470907713,870.0,67.0,8.71830601092896,33.199999999999996,0.0
7.004549250492948,80.5174872940634,846.0,66.0,8.921584699453556,34.2,0.0
6.983609074958958,80.5303531063585,848.0,70.0,8.921584699453556,34.2,0.0
6.872316370598418,80.4835809942411,1231.0,61.0,12.387158469945357,31.1,0.0
6.936573837376056,80.51713039494875,1164.0,41.0,10.850819672131147,41.8,0.0
6.912536365533622,80.50874507802781,1037.0,74.0,10.850819672131147,41.8,0.0
6.907562380794477,80.5701836376141,1182.0,33.0,9.901912568306015,41.6,0.0
7.0785040682436975,80.40425422126388,780.0,44.0,9.661475409836063,34.4,0.0
6.942525420441192,80.44992283826377,663.0,20.0,11.45273224043715,27.2,0.0
7.05951953365199,80.57973428509547,786.0,51.0,7.735245901639349,22.900000000000002,0.0
6.998341533148732,80.5680711588331,1065.0,20.0,9.161748633879782,27.0,0.0
7.036719696589973,80.48379733518485,769.0,14.0,8.71830601092896,33.199999999999996,0.0
6.968210341395946,80.51569053378776,822.0,33.0,8.921584699453556,34.2,0.0
6.985624506704526,80.44922825816762,131.0,5.0,11.436065573770488,38.3,0.0
6.965837532656182,80.43192001665183,415.0,65.0,9.840437158469944,28.4,0.0
6.896132207211623,80.48535667667494,1130.0,54.0,12.387158469945357,31.1,0.0
7.01975282835054,80.4639596591673,1115.0,34.0,8.921584699453556,34.2,0.0
6.916187236360753,80.50861744770239,949.0,54.0,10.850819672131147,41.8,0.0
6.85605303663196,80.41051517575806,604.0,38.0,13.221038251366117,39.300000000000004,0.0
7.00170250905973,80.58438484580441,1247.0,58.0,9.161748633879782,27.0,0.0
6.891880522046835,80.58667605166163,1259.0,48.0,9.901912568306015,41.6,0.0
7.070871243638694,80.53082101145831,722.0,25.0,8.71830601092896,33.199999999999996,0.0
7.074029703481945,80.49939522781469,1180.0,47.0,9.161748633879782,27.0,0.0
7.064869886660243,80.45546171197161,940.0,72.0,8.71830601092896,33.199999999999996,0.0
6.937146650806283,80.55324324606084,1104.0,69.0,9.161748633879782,27.0,0.0
6.853975685765305,80.5282167206807,1224.0,82.0,12.387158469945357,31.1,0.0
7.068024636944926,80.42697454173619,586.0,23.0,9.661475409836063,34.4,0.0
6.950752526648729,80.57207795958355,1449.0,44.0,9.901912568306015,41.6,0.0
7.077013767800884,80.55493843395448,608.0,30.0,8.71830601092896,33.199999999999996,0.0
7.076302154462041,80.5796156965666,701.0,15.0,7.735245901639349,22.900000000000002,0.0
7.050366068239129,80.53616469100453,579.0,15.0,8.71830601092896,33.199999999999996,0.0
6.919394125239674,80.51438797515503,844.0,25.0,10.850819672131147,41.8,0.0
6.940649571881054,80.47654251250535,475.0,45.0,9.840437158469944,28.4,0.0
7.049926935638497,80.57630540802306,953.0,57.0,7.735245901639349,22.900000000000002,0.0
6.924663647434915,80.56337860329164,1078.0,19.0,9.161748633879782,27.0,0.0
6.890094260152451,80.40421006640481,287.0,45.0,12.991256830601094,33.3,0.0
6.980910820029778,80.40055456992751,183.0,37.0,11.436065573770488,38.3,0.0
7.069862081123288,80.46844109619093,1078.0,108.0,9.161748633879782,27.0,0.0
7.0135572917684765,80.55261465632057,898.0,42.0,7.735245901639349,22.900000000000002,0.0
6.984020018888829,80.58688263841081,1469.0,33.0,8.38333333333333,31.0,0.0
6.873137459448254,80.4246088535618,292.0,31.0,13.657103825136625,36.99999999999999,0.0
